START,STOP,PATIENT,ENCOUNTER,CODE,DESCRIPTION
2019-02-02,NA,35ff36e2-3db9-4641-89c7-caeea852ffcc,473d2884-8468-4384-ba4d-15c325bc8edd,424213003,Allergy to bee venom
2019-02-02,NA,35ff36e2-3db9-4641-89c7-caeea852ffcc,473d2884-8468-4384-ba4d-15c325bc8edd,419474003,Allergy to mould
2019-02-02,NA,35ff36e2-3db9-4641-89c7-caeea852ffcc,473d2884-8468-4384-ba4d-15c325bc8edd,232350006,House dust mite allergy
2019-02-02,NA,35ff36e2-3db9-4641-89c7-caeea852ffcc,473d2884-8468-4384-ba4d-15c325bc8edd,232347008,Dander (animal) allergy
2019-02-02,NA,35ff36e2-3db9-4641-89c7-caeea852ffcc,473d2884-8468-4384-ba4d-15c325bc8edd,418689008,Allergy to grass pollen
2019-02-02,NA,35ff36e2-3db9-4641-89c7-caeea852ffcc,473d2884-8468-4384-ba4d-15c325bc8edd,420174000,Allergy to wheat
2019-02-02,NA,35ff36e2-3db9-4641-89c7-caeea852ffcc,473d2884-8468-4384-ba4d-15c325bc8edd,91935009,Allergy to peanuts
2005-02-05,NA,6cbd292b-92de-4e5b-9964-af1b83af800a,da1b4b0d-eb79-4dd9-ae9f-d8fbbd5239bc,419474003,Allergy to mould
2005-02-05,NA,6cbd292b-92de-4e5b-9964-af1b83af800a,da1b4b0d-eb79-4dd9-ae9f-d8fbbd5239bc,232347008,Dander (animal) allergy
2005-02-05,NA,6cbd292b-92de-4e5b-9964-af1b83af800a,da1b4b0d-eb79-4dd9-ae9f-d8fbbd5239bc,418689008,Allergy to grass pollen
2005-02-05,NA,6cbd292b-92de-4e5b-9964-af1b83af800a,da1b4b0d-eb79-4dd9-ae9f-d8fbbd5239bc,419263009,Allergy to tree pollen
2005-02-05,NA,6cbd292b-92de-4e5b-9964-af1b83af800a,da1b4b0d-eb79-4dd9-ae9f-d8fbbd5239bc,417532002,Allergy to fish
2005-02-05,NA,6cbd292b-92de-4e5b-9964-af1b83af800a,da1b4b0d-eb79-4dd9-ae9f-d8fbbd5239bc,91934008,Allergy to nut
2009-06-22,NA,6a654a9a-4155-4fd8-8d01-cc690cc71667,7495bb22-c1d8-42bb-91b5-4469fac19c77,300916003,Latex allergy
2009-06-22,NA,6a654a9a-4155-4fd8-8d01-cc690cc71667,7495bb22-c1d8-42bb-91b5-4469fac19c77,424213003,Allergy to bee venom
2009-06-22,NA,6a654a9a-4155-4fd8-8d01-cc690cc71667,7495bb22-c1d8-42bb-91b5-4469fac19c77,419474003,Allergy to mould
2009-06-22,NA,6a654a9a-4155-4fd8-8d01-cc690cc71667,7495bb22-c1d8-42bb-91b5-4469fac19c77,232350006,House dust mite allergy
2009-06-22,NA,6a654a9a-4155-4fd8-8d01-cc690cc71667,7495bb22-c1d8-42bb-91b5-4469fac19c77,232347008,Dander (animal) allergy
2009-06-22,NA,6a654a9a-4155-4fd8-8d01-cc690cc71667,7495bb22-c1d8-42bb-91b5-4469fac19c77,418689008,Allergy to grass pollen
2009-06-22,NA,6a654a9a-4155-4fd8-8d01-cc690cc71667,7495bb22-c1d8-42bb-91b5-4469fac19c77,419263009,Allergy to tree pollen
1987-06-18,NA,cc062858-a5c9-4a95-b3a5-534289ae564c,249dd5b9-e20b-4c36-bc96-d9be2fc709e0,232350006,House dust mite allergy
1987-06-18,NA,cc062858-a5c9-4a95-b3a5-534289ae564c,249dd5b9-e20b-4c36-bc96-d9be2fc709e0,418689008,Allergy to grass pollen
1993-09-18,NA,59e1f0f6-d5dd-4188-af14-cf460ec98f17,3bfd2670-6807-4082-8a1e-dbf4e51c134f,424213003,Allergy to bee venom
1993-09-18,NA,59e1f0f6-d5dd-4188-af14-cf460ec98f17,3bfd2670-6807-4082-8a1e-dbf4e51c134f,419474003,Allergy to mould
1993-09-18,NA,59e1f0f6-d5dd-4188-af14-cf460ec98f17,3bfd2670-6807-4082-8a1e-dbf4e51c134f,232350006,House dust mite allergy
1993-09-18,2011-01-06,59e1f0f6-d5dd-4188-af14-cf460ec98f17,3bfd2670-6807-4082-8a1e-dbf4e51c134f,714035009,Allergy to soya
1993-09-18,2011-01-06,59e1f0f6-d5dd-4188-af14-cf460ec98f17,3bfd2670-6807-4082-8a1e-dbf4e51c134f,420174000,Allergy to wheat
1994-07-25,NA,73a6f06c-01bc-4c90-ba18-27036e055f54,388e529d-cd8d-4351-90a3-db73778eac67,300913006,Shellfish allergy
1986-11-08,NA,2c7dd0b7-0673-442e-8389-4a4f11730bf2,a3153174-4ee2-42eb-9249-516b223d7fc4,300913006,Shellfish allergy
1986-11-08,NA,2c7dd0b7-0673-442e-8389-4a4f11730bf2,a3153174-4ee2-42eb-9249-516b223d7fc4,91935009,Allergy to peanuts
1985-12-18,NA,097dc5f2-fe43-40c6-975b-8eb9d20cb86a,f5390e36-2afb-417e-a5cc-e1b2f2478385,424213003,Allergy to bee venom
1985-12-18,NA,097dc5f2-fe43-40c6-975b-8eb9d20cb86a,f5390e36-2afb-417e-a5cc-e1b2f2478385,91934008,Allergy to nut
2009-06-25,NA,c66ea7fc-14be-4165-9762-f9c425b1f14e,e5d998ab-6cb1-48cf-8bdf-ad12ffb3f4e2,300913006,Shellfish allergy
2011-02-27,NA,ce87392a-3fcb-4d7b-b433-d4d385a074ed,74a7906e-8617-45aa-96a2-d36fd4b75da2,300916003,Latex allergy
2011-02-27,NA,ce87392a-3fcb-4d7b-b433-d4d385a074ed,74a7906e-8617-45aa-96a2-d36fd4b75da2,419474003,Allergy to mould
2011-02-27,NA,ce87392a-3fcb-4d7b-b433-d4d385a074ed,74a7906e-8617-45aa-96a2-d36fd4b75da2,232350006,House dust mite allergy
2011-02-27,NA,ce87392a-3fcb-4d7b-b433-d4d385a074ed,74a7906e-8617-45aa-96a2-d36fd4b75da2,232347008,Dander (animal) allergy
2011-02-27,NA,ce87392a-3fcb-4d7b-b433-d4d385a074ed,74a7906e-8617-45aa-96a2-d36fd4b75da2,418689008,Allergy to grass pollen
2011-02-27,NA,ce87392a-3fcb-4d7b-b433-d4d385a074ed,74a7906e-8617-45aa-96a2-d36fd4b75da2,419263009,Allergy to tree pollen
2011-02-27,NA,ce87392a-3fcb-4d7b-b433-d4d385a074ed,74a7906e-8617-45aa-96a2-d36fd4b75da2,425525006,Allergy to dairy product
2011-02-27,NA,ce87392a-3fcb-4d7b-b433-d4d385a074ed,74a7906e-8617-45aa-96a2-d36fd4b75da2,300913006,Shellfish allergy
1980-07-16,NA,42a7138c-d5ff-40c3-9bc0-201222ca3fad,2e7ede90-e8c5-4e14-b727-ee6d503ac936,419474003,Allergy to mould
2013-07-17,NA,0e5f29f8-b48e-40d1-98b5-3a0698c891a8,9bfbb609-d168-444b-8b94-b9391653f4df,300916003,Latex allergy
2013-07-17,NA,0e5f29f8-b48e-40d1-98b5-3a0698c891a8,9bfbb609-d168-444b-8b94-b9391653f4df,419474003,Allergy to mould
2013-07-17,NA,0e5f29f8-b48e-40d1-98b5-3a0698c891a8,9bfbb609-d168-444b-8b94-b9391653f4df,232350006,House dust mite allergy
2013-07-17,NA,0e5f29f8-b48e-40d1-98b5-3a0698c891a8,9bfbb609-d168-444b-8b94-b9391653f4df,232347008,Dander (animal) allergy
2013-07-17,NA,0e5f29f8-b48e-40d1-98b5-3a0698c891a8,9bfbb609-d168-444b-8b94-b9391653f4df,418689008,Allergy to grass pollen
2013-07-17,NA,0e5f29f8-b48e-40d1-98b5-3a0698c891a8,9bfbb609-d168-444b-8b94-b9391653f4df,419263009,Allergy to tree pollen
2013-07-17,NA,0e5f29f8-b48e-40d1-98b5-3a0698c891a8,9bfbb609-d168-444b-8b94-b9391653f4df,300913006,Shellfish allergy
1988-09-16,NA,5036eca5-f41c-41b2-96d4-5e51ec71c996,9e672eeb-f2fb-436f-8173-3343b0c63606,419474003,Allergy to mould
1988-09-16,NA,5036eca5-f41c-41b2-96d4-5e51ec71c996,9e672eeb-f2fb-436f-8173-3343b0c63606,232350006,House dust mite allergy
1988-09-16,NA,5036eca5-f41c-41b2-96d4-5e51ec71c996,9e672eeb-f2fb-436f-8173-3343b0c63606,232347008,Dander (animal) allergy
1988-09-16,NA,5036eca5-f41c-41b2-96d4-5e51ec71c996,9e672eeb-f2fb-436f-8173-3343b0c63606,418689008,Allergy to grass pollen
1988-09-16,NA,5036eca5-f41c-41b2-96d4-5e51ec71c996,9e672eeb-f2fb-436f-8173-3343b0c63606,419263009,Allergy to tree pollen
1988-09-16,NA,5036eca5-f41c-41b2-96d4-5e51ec71c996,9e672eeb-f2fb-436f-8173-3343b0c63606,91935009,Allergy to peanuts
2016-04-13,NA,4514f806-73fd-4a08-a6a9-be10cee609e9,5ce69f7c-1da1-45c2-a5d4-1dbfe03a33aa,300916003,Latex allergy
2016-04-13,NA,4514f806-73fd-4a08-a6a9-be10cee609e9,5ce69f7c-1da1-45c2-a5d4-1dbfe03a33aa,424213003,Allergy to bee venom
2016-04-13,NA,4514f806-73fd-4a08-a6a9-be10cee609e9,5ce69f7c-1da1-45c2-a5d4-1dbfe03a33aa,419474003,Allergy to mould
2016-04-13,NA,4514f806-73fd-4a08-a6a9-be10cee609e9,5ce69f7c-1da1-45c2-a5d4-1dbfe03a33aa,232350006,House dust mite allergy
2016-04-13,NA,4514f806-73fd-4a08-a6a9-be10cee609e9,5ce69f7c-1da1-45c2-a5d4-1dbfe03a33aa,232347008,Dander (animal) allergy
2016-04-13,NA,4514f806-73fd-4a08-a6a9-be10cee609e9,5ce69f7c-1da1-45c2-a5d4-1dbfe03a33aa,418689008,Allergy to grass pollen
2016-04-13,NA,4514f806-73fd-4a08-a6a9-be10cee609e9,5ce69f7c-1da1-45c2-a5d4-1dbfe03a33aa,419263009,Allergy to tree pollen
2016-04-13,NA,4514f806-73fd-4a08-a6a9-be10cee609e9,5ce69f7c-1da1-45c2-a5d4-1dbfe03a33aa,417532002,Allergy to fish
2012-02-11,NA,53b963c5-20cb-42d3-8b91-483b911a1bac,13003b98-50bf-4d73-9ff2-91dc2ae32702,91935009,Allergy to peanuts
2002-09-22,NA,0f6b9b98-6656-4d87-88d7-52dc3b230a93,3f171619-63ee-4933-baa4-76bee9c205e1,424213003,Allergy to bee venom
2002-09-22,2018-02-24,0f6b9b98-6656-4d87-88d7-52dc3b230a93,3f171619-63ee-4933-baa4-76bee9c205e1,419474003,Allergy to mould
2002-09-22,NA,0f6b9b98-6656-4d87-88d7-52dc3b230a93,3f171619-63ee-4933-baa4-76bee9c205e1,232350006,House dust mite allergy
2002-09-22,2018-02-24,0f6b9b98-6656-4d87-88d7-52dc3b230a93,3f171619-63ee-4933-baa4-76bee9c205e1,232347008,Dander (animal) allergy
2002-09-22,2018-02-24,0f6b9b98-6656-4d87-88d7-52dc3b230a93,3f171619-63ee-4933-baa4-76bee9c205e1,419263009,Allergy to tree pollen
2002-09-22,NA,0f6b9b98-6656-4d87-88d7-52dc3b230a93,3f171619-63ee-4933-baa4-76bee9c205e1,425525006,Allergy to dairy product
2002-09-22,NA,0f6b9b98-6656-4d87-88d7-52dc3b230a93,3f171619-63ee-4933-baa4-76bee9c205e1,300913006,Shellfish allergy
2002-09-22,NA,0f6b9b98-6656-4d87-88d7-52dc3b230a93,3f171619-63ee-4933-baa4-76bee9c205e1,417532002,Allergy to fish
2002-09-22,NA,0f6b9b98-6656-4d87-88d7-52dc3b230a93,3f171619-63ee-4933-baa4-76bee9c205e1,91935009,Allergy to peanuts
1946-11-10,NA,f926c938-c4d6-4497-a1bc-f1322c6d48a3,6576d60b-8c8b-474d-8f83-10f61e0d1c7b,714035009,Allergy to soya
1943-11-30,NA,270a9d9e-0ba5-4df1-957a-2902d49af0d7,98fc1797-23f9-4029-930a-bbfc1b598ca5,91934008,Allergy to nut
2006-04-20,NA,ac5aad16-31a2-4e29-b4f7-887b8676bad7,86cdb452-fdc8-4196-9b25-ec908c1e3f74,300916003,Latex allergy
2006-04-20,NA,ac5aad16-31a2-4e29-b4f7-887b8676bad7,86cdb452-fdc8-4196-9b25-ec908c1e3f74,424213003,Allergy to bee venom
2006-04-20,NA,ac5aad16-31a2-4e29-b4f7-887b8676bad7,86cdb452-fdc8-4196-9b25-ec908c1e3f74,419474003,Allergy to mould
2006-04-20,NA,ac5aad16-31a2-4e29-b4f7-887b8676bad7,86cdb452-fdc8-4196-9b25-ec908c1e3f74,232350006,House dust mite allergy
2006-04-20,NA,ac5aad16-31a2-4e29-b4f7-887b8676bad7,86cdb452-fdc8-4196-9b25-ec908c1e3f74,232347008,Dander (animal) allergy
2006-04-20,NA,ac5aad16-31a2-4e29-b4f7-887b8676bad7,86cdb452-fdc8-4196-9b25-ec908c1e3f74,419263009,Allergy to tree pollen
2006-04-20,NA,ac5aad16-31a2-4e29-b4f7-887b8676bad7,86cdb452-fdc8-4196-9b25-ec908c1e3f74,91935009,Allergy to peanuts
1979-09-22,NA,43467446-2858-476d-86d0-ce1dd164b662,c723c593-e711-4e09-a7c4-136d5f0f5567,300913006,Shellfish allergy
1989-09-19,NA,b8d8fcc0-ee48-4ff9-9b49-18474d7989cd,ecc68cf0-7cf3-47ff-b5ea-1ce29a23ff04,300913006,Shellfish allergy
1970-06-24,NA,2a3433ce-53af-4fae-8433-9105ec35e5cd,c0857556-f063-4feb-9879-4807ed7d9b0a,300913006,Shellfish allergy
1974-01-16,NA,a48170dd-3172-41bf-b3ca-d8fefbdab685,879cf600-2e63-428a-8bf5-4e66e862f00e,419474003,Allergy to mould
1974-01-16,NA,a48170dd-3172-41bf-b3ca-d8fefbdab685,879cf600-2e63-428a-8bf5-4e66e862f00e,91935009,Allergy to peanuts
2017-01-02,NA,a0ee3f4f-0b09-48a0-9361-dbacfe31ed19,7bd5343d-1a92-4a34-a4fd-0c4875ab5abf,300913006,Shellfish allergy
2015-11-10,NA,32badb32-2d91-4faa-b3a2-0fd23fe4fb82,5cbe4eba-7cae-4834-b869-a4a4af1a16bf,300916003,Latex allergy
2015-11-10,NA,32badb32-2d91-4faa-b3a2-0fd23fe4fb82,5cbe4eba-7cae-4834-b869-a4a4af1a16bf,424213003,Allergy to bee venom
2015-11-10,NA,32badb32-2d91-4faa-b3a2-0fd23fe4fb82,5cbe4eba-7cae-4834-b869-a4a4af1a16bf,419474003,Allergy to mould
2015-11-10,NA,32badb32-2d91-4faa-b3a2-0fd23fe4fb82,5cbe4eba-7cae-4834-b869-a4a4af1a16bf,232347008,Dander (animal) allergy
2015-11-10,NA,32badb32-2d91-4faa-b3a2-0fd23fe4fb82,5cbe4eba-7cae-4834-b869-a4a4af1a16bf,418689008,Allergy to grass pollen
2015-11-10,NA,32badb32-2d91-4faa-b3a2-0fd23fe4fb82,5cbe4eba-7cae-4834-b869-a4a4af1a16bf,419263009,Allergy to tree pollen
2015-11-10,NA,32badb32-2d91-4faa-b3a2-0fd23fe4fb82,5cbe4eba-7cae-4834-b869-a4a4af1a16bf,91930004,Allergy to eggs
2015-11-10,NA,32badb32-2d91-4faa-b3a2-0fd23fe4fb82,5cbe4eba-7cae-4834-b869-a4a4af1a16bf,417532002,Allergy to fish
1999-06-25,NA,a125ebb7-9bf6-4e06-9031-5ef678cd622f,d416c76d-b156-4f51-b5eb-4800b99ea509,419474003,Allergy to mould
1999-06-25,NA,a125ebb7-9bf6-4e06-9031-5ef678cd622f,d416c76d-b156-4f51-b5eb-4800b99ea509,232350006,House dust mite allergy
1999-06-25,NA,a125ebb7-9bf6-4e06-9031-5ef678cd622f,d416c76d-b156-4f51-b5eb-4800b99ea509,232347008,Dander (animal) allergy
1999-06-25,NA,a125ebb7-9bf6-4e06-9031-5ef678cd622f,d416c76d-b156-4f51-b5eb-4800b99ea509,418689008,Allergy to grass pollen
1999-06-25,NA,a125ebb7-9bf6-4e06-9031-5ef678cd622f,d416c76d-b156-4f51-b5eb-4800b99ea509,419263009,Allergy to tree pollen
1999-06-25,NA,a125ebb7-9bf6-4e06-9031-5ef678cd622f,d416c76d-b156-4f51-b5eb-4800b99ea509,300913006,Shellfish allergy
1999-06-25,NA,a125ebb7-9bf6-4e06-9031-5ef678cd622f,d416c76d-b156-4f51-b5eb-4800b99ea509,417532002,Allergy to fish
1970-02-28,NA,28da4b1f-cd6c-42cb-9d2f-a600359fe991,e8e25bde-93ca-42e0-8b1f-df445a49f600,424213003,Allergy to bee venom
1970-02-28,NA,28da4b1f-cd6c-42cb-9d2f-a600359fe991,e8e25bde-93ca-42e0-8b1f-df445a49f600,419474003,Allergy to mould
1970-02-28,NA,28da4b1f-cd6c-42cb-9d2f-a600359fe991,e8e25bde-93ca-42e0-8b1f-df445a49f600,232350006,House dust mite allergy
1970-02-28,NA,28da4b1f-cd6c-42cb-9d2f-a600359fe991,e8e25bde-93ca-42e0-8b1f-df445a49f600,232347008,Dander (animal) allergy
1970-02-28,NA,28da4b1f-cd6c-42cb-9d2f-a600359fe991,e8e25bde-93ca-42e0-8b1f-df445a49f600,418689008,Allergy to grass pollen
1970-02-28,NA,28da4b1f-cd6c-42cb-9d2f-a600359fe991,e8e25bde-93ca-42e0-8b1f-df445a49f600,419263009,Allergy to tree pollen
1970-02-28,NA,28da4b1f-cd6c-42cb-9d2f-a600359fe991,e8e25bde-93ca-42e0-8b1f-df445a49f600,425525006,Allergy to dairy product
1970-02-28,NA,28da4b1f-cd6c-42cb-9d2f-a600359fe991,e8e25bde-93ca-42e0-8b1f-df445a49f600,417532002,Allergy to fish
1970-02-28,NA,28da4b1f-cd6c-42cb-9d2f-a600359fe991,e8e25bde-93ca-42e0-8b1f-df445a49f600,91934008,Allergy to nut
1953-09-08,NA,9c36ea1a-b6fe-4de7-abbc-8e5d25300e38,3c0c1ac1-f6ee-426c-91eb-ee5b38063d10,424213003,Allergy to bee venom
1953-09-08,NA,9c36ea1a-b6fe-4de7-abbc-8e5d25300e38,3c0c1ac1-f6ee-426c-91eb-ee5b38063d10,419474003,Allergy to mould
1953-09-08,NA,9c36ea1a-b6fe-4de7-abbc-8e5d25300e38,3c0c1ac1-f6ee-426c-91eb-ee5b38063d10,300913006,Shellfish allergy
1981-12-24,1998-05-23,760c9245-a6a9-471d-96de-36a6477a5ad4,650eabfa-7391-488a-a8e9-0de707efa4dc,300916003,Latex allergy
1981-12-24,1997-05-25,760c9245-a6a9-471d-96de-36a6477a5ad4,650eabfa-7391-488a-a8e9-0de707efa4dc,419474003,Allergy to mould
1981-12-24,1997-05-25,760c9245-a6a9-471d-96de-36a6477a5ad4,650eabfa-7391-488a-a8e9-0de707efa4dc,232347008,Dander (animal) allergy
1981-12-24,1998-05-23,760c9245-a6a9-471d-96de-36a6477a5ad4,650eabfa-7391-488a-a8e9-0de707efa4dc,714035009,Allergy to soya
2016-05-13,NA,e770453c-5074-4910-8443-1a93324a99ce,61f0c748-ad9d-4b0f-a1b6-213f2c2917f1,300916003,Latex allergy
2016-05-13,NA,e770453c-5074-4910-8443-1a93324a99ce,61f0c748-ad9d-4b0f-a1b6-213f2c2917f1,419474003,Allergy to mould
2016-05-13,NA,e770453c-5074-4910-8443-1a93324a99ce,61f0c748-ad9d-4b0f-a1b6-213f2c2917f1,232350006,House dust mite allergy
2016-05-13,NA,e770453c-5074-4910-8443-1a93324a99ce,61f0c748-ad9d-4b0f-a1b6-213f2c2917f1,232347008,Dander (animal) allergy
2016-05-13,NA,e770453c-5074-4910-8443-1a93324a99ce,61f0c748-ad9d-4b0f-a1b6-213f2c2917f1,418689008,Allergy to grass pollen
2016-05-13,NA,e770453c-5074-4910-8443-1a93324a99ce,61f0c748-ad9d-4b0f-a1b6-213f2c2917f1,425525006,Allergy to dairy product
1947-05-27,NA,8eff1361-8ad8-4b3b-8201-0abf8f917a0e,1c77f1f7-486a-4ff2-bad7-12d0afff620d,300913006,Shellfish allergy
2016-09-25,NA,bc78abb4-21da-4d66-a1c3-4d40399046f5,aa47778a-f456-4605-b785-3b69ad332157,419474003,Allergy to mould
2016-09-25,NA,bc78abb4-21da-4d66-a1c3-4d40399046f5,aa47778a-f456-4605-b785-3b69ad332157,232347008,Dander (animal) allergy
2016-09-25,NA,bc78abb4-21da-4d66-a1c3-4d40399046f5,aa47778a-f456-4605-b785-3b69ad332157,418689008,Allergy to grass pollen
2016-09-25,NA,bc78abb4-21da-4d66-a1c3-4d40399046f5,aa47778a-f456-4605-b785-3b69ad332157,419263009,Allergy to tree pollen
2012-06-26,NA,bb4903d8-6627-466c-81f9-8b1d6d3531ed,d50673fa-9941-47c5-9257-ad3961f8e8ec,424213003,Allergy to bee venom
2012-06-26,NA,bb4903d8-6627-466c-81f9-8b1d6d3531ed,d50673fa-9941-47c5-9257-ad3961f8e8ec,419474003,Allergy to mould
2012-06-26,NA,bb4903d8-6627-466c-81f9-8b1d6d3531ed,d50673fa-9941-47c5-9257-ad3961f8e8ec,232350006,House dust mite allergy
2012-06-26,NA,bb4903d8-6627-466c-81f9-8b1d6d3531ed,d50673fa-9941-47c5-9257-ad3961f8e8ec,232347008,Dander (animal) allergy
2012-06-26,NA,bb4903d8-6627-466c-81f9-8b1d6d3531ed,d50673fa-9941-47c5-9257-ad3961f8e8ec,418689008,Allergy to grass pollen
2012-06-26,NA,bb4903d8-6627-466c-81f9-8b1d6d3531ed,d50673fa-9941-47c5-9257-ad3961f8e8ec,419263009,Allergy to tree pollen
2012-06-26,NA,bb4903d8-6627-466c-81f9-8b1d6d3531ed,d50673fa-9941-47c5-9257-ad3961f8e8ec,425525006,Allergy to dairy product
2012-06-26,NA,bb4903d8-6627-466c-81f9-8b1d6d3531ed,d50673fa-9941-47c5-9257-ad3961f8e8ec,714035009,Allergy to soya
2012-06-26,NA,bb4903d8-6627-466c-81f9-8b1d6d3531ed,d50673fa-9941-47c5-9257-ad3961f8e8ec,91934008,Allergy to nut
2012-06-26,NA,bb4903d8-6627-466c-81f9-8b1d6d3531ed,d50673fa-9941-47c5-9257-ad3961f8e8ec,91935009,Allergy to peanuts
1972-12-07,NA,1b806250-9c6a-41be-bcb6-919ad2ffd561,d2dbdc51-f36f-4550-88da-ceec0b0fe28b,300913006,Shellfish allergy
2013-08-26,NA,816de93e-615d-42a2-a066-49d63789817d,faf75ae3-d7c9-4250-a6e5-c0977b827b4c,419474003,Allergy to mould
2013-08-26,NA,816de93e-615d-42a2-a066-49d63789817d,faf75ae3-d7c9-4250-a6e5-c0977b827b4c,232350006,House dust mite allergy
2013-08-26,NA,816de93e-615d-42a2-a066-49d63789817d,faf75ae3-d7c9-4250-a6e5-c0977b827b4c,232347008,Dander (animal) allergy
2013-08-26,NA,816de93e-615d-42a2-a066-49d63789817d,faf75ae3-d7c9-4250-a6e5-c0977b827b4c,418689008,Allergy to grass pollen
2013-08-26,NA,816de93e-615d-42a2-a066-49d63789817d,faf75ae3-d7c9-4250-a6e5-c0977b827b4c,419263009,Allergy to tree pollen
2013-08-26,NA,816de93e-615d-42a2-a066-49d63789817d,faf75ae3-d7c9-4250-a6e5-c0977b827b4c,420174000,Allergy to wheat
1967-08-20,NA,3d9aed68-15d8-4e2f-a301-918a843fdabd,5d3833f5-343b-4d08-a4bf-4630a7027334,418689008,Allergy to grass pollen
1998-12-17,NA,44ab2dc8-ec50-4b4d-9633-aa658f96e55f,e5cb0bdf-11e1-4993-9724-0e7b465e5c3c,300916003,Latex allergy
1998-12-17,2014-02-18,44ab2dc8-ec50-4b4d-9633-aa658f96e55f,e5cb0bdf-11e1-4993-9724-0e7b465e5c3c,419474003,Allergy to mould
1998-12-17,NA,44ab2dc8-ec50-4b4d-9633-aa658f96e55f,e5cb0bdf-11e1-4993-9724-0e7b465e5c3c,232347008,Dander (animal) allergy
1998-12-17,NA,44ab2dc8-ec50-4b4d-9633-aa658f96e55f,e5cb0bdf-11e1-4993-9724-0e7b465e5c3c,418689008,Allergy to grass pollen
1998-12-17,2014-02-18,44ab2dc8-ec50-4b4d-9633-aa658f96e55f,e5cb0bdf-11e1-4993-9724-0e7b465e5c3c,419263009,Allergy to tree pollen
1998-12-17,NA,44ab2dc8-ec50-4b4d-9633-aa658f96e55f,e5cb0bdf-11e1-4993-9724-0e7b465e5c3c,420174000,Allergy to wheat
1983-10-10,NA,536ee1ad-8e04-49ff-9711-33990de16cd6,250fb0fe-f5bd-4a8a-ab34-53e893fa995c,424213003,Allergy to bee venom
1998-02-19,NA,56a996ff-7f70-4325-808e-acb8177df3ea,3d472f05-9207-45e7-8180-9a6a7cf46a37,300916003,Latex allergy
1998-02-19,2012-08-01,56a996ff-7f70-4325-808e-acb8177df3ea,3d472f05-9207-45e7-8180-9a6a7cf46a37,419474003,Allergy to mould
1998-02-19,NA,56a996ff-7f70-4325-808e-acb8177df3ea,3d472f05-9207-45e7-8180-9a6a7cf46a37,232350006,House dust mite allergy
1998-02-19,2012-08-01,56a996ff-7f70-4325-808e-acb8177df3ea,3d472f05-9207-45e7-8180-9a6a7cf46a37,232347008,Dander (animal) allergy
1998-02-19,2012-08-01,56a996ff-7f70-4325-808e-acb8177df3ea,3d472f05-9207-45e7-8180-9a6a7cf46a37,418689008,Allergy to grass pollen
1998-02-19,2012-08-01,56a996ff-7f70-4325-808e-acb8177df3ea,3d472f05-9207-45e7-8180-9a6a7cf46a37,419263009,Allergy to tree pollen
1990-09-21,NA,caddfb97-ac53-4db2-85c2-4e8803fb7062,78f2fe42-697c-47cd-b91c-086f659648b0,91930004,Allergy to eggs
2004-06-26,NA,b5376719-0d53-4d1c-8487-8414949e683c,ed31cc00-0e72-4415-b776-9f31fd858b8d,300916003,Latex allergy
2004-06-26,NA,b5376719-0d53-4d1c-8487-8414949e683c,ed31cc00-0e72-4415-b776-9f31fd858b8d,419474003,Allergy to mould
2004-06-26,NA,b5376719-0d53-4d1c-8487-8414949e683c,ed31cc00-0e72-4415-b776-9f31fd858b8d,232350006,House dust mite allergy
2004-06-26,NA,b5376719-0d53-4d1c-8487-8414949e683c,ed31cc00-0e72-4415-b776-9f31fd858b8d,232347008,Dander (animal) allergy
2004-06-26,NA,b5376719-0d53-4d1c-8487-8414949e683c,ed31cc00-0e72-4415-b776-9f31fd858b8d,418689008,Allergy to grass pollen
2004-06-26,NA,b5376719-0d53-4d1c-8487-8414949e683c,ed31cc00-0e72-4415-b776-9f31fd858b8d,419263009,Allergy to tree pollen
2004-06-26,NA,b5376719-0d53-4d1c-8487-8414949e683c,ed31cc00-0e72-4415-b776-9f31fd858b8d,714035009,Allergy to soya
2004-06-26,NA,b5376719-0d53-4d1c-8487-8414949e683c,ed31cc00-0e72-4415-b776-9f31fd858b8d,420174000,Allergy to wheat
2004-06-26,NA,b5376719-0d53-4d1c-8487-8414949e683c,ed31cc00-0e72-4415-b776-9f31fd858b8d,91935009,Allergy to peanuts
1994-12-18,NA,a57b10bc-b1b9-4fca-af26-87fdfadc4dec,3abc4438-3d75-4cc9-82b7-17f9f5d225be,419474003,Allergy to mould
1994-12-18,NA,a57b10bc-b1b9-4fca-af26-87fdfadc4dec,3abc4438-3d75-4cc9-82b7-17f9f5d225be,232350006,House dust mite allergy
1994-12-18,NA,a57b10bc-b1b9-4fca-af26-87fdfadc4dec,3abc4438-3d75-4cc9-82b7-17f9f5d225be,232347008,Dander (animal) allergy
1994-12-18,NA,a57b10bc-b1b9-4fca-af26-87fdfadc4dec,3abc4438-3d75-4cc9-82b7-17f9f5d225be,418689008,Allergy to grass pollen
1994-12-18,NA,a57b10bc-b1b9-4fca-af26-87fdfadc4dec,3abc4438-3d75-4cc9-82b7-17f9f5d225be,419263009,Allergy to tree pollen
1994-12-18,NA,a57b10bc-b1b9-4fca-af26-87fdfadc4dec,3abc4438-3d75-4cc9-82b7-17f9f5d225be,300913006,Shellfish allergy
1992-04-07,2009-07-27,2daff433-2e93-4bb9-b0e9-40f6d46a060e,5384befe-0690-45d3-a173-d77a7e7323e9,300916003,Latex allergy
1992-04-07,NA,2daff433-2e93-4bb9-b0e9-40f6d46a060e,5384befe-0690-45d3-a173-d77a7e7323e9,419474003,Allergy to mould
1992-04-07,NA,2daff433-2e93-4bb9-b0e9-40f6d46a060e,5384befe-0690-45d3-a173-d77a7e7323e9,232350006,House dust mite allergy
1992-04-07,NA,2daff433-2e93-4bb9-b0e9-40f6d46a060e,5384befe-0690-45d3-a173-d77a7e7323e9,232347008,Dander (animal) allergy
1992-04-07,NA,2daff433-2e93-4bb9-b0e9-40f6d46a060e,5384befe-0690-45d3-a173-d77a7e7323e9,418689008,Allergy to grass pollen
1992-04-07,2009-07-27,2daff433-2e93-4bb9-b0e9-40f6d46a060e,5384befe-0690-45d3-a173-d77a7e7323e9,91930004,Allergy to eggs
1992-04-07,NA,2daff433-2e93-4bb9-b0e9-40f6d46a060e,5384befe-0690-45d3-a173-d77a7e7323e9,420174000,Allergy to wheat
1992-04-07,NA,2daff433-2e93-4bb9-b0e9-40f6d46a060e,5384befe-0690-45d3-a173-d77a7e7323e9,91934008,Allergy to nut
1989-07-08,NA,82b7527b-a870-4093-83eb-4d980764efa1,305cbf42-2e74-4413-9916-8a6d45ba69d6,91935009,Allergy to peanuts
1994-06-18,2010-03-17,3b8a6bf7-65bc-4c37-aa42-6675dd21d54b,e9c515a4-e88b-4156-82c1-5e468af09d0d,419474003,Allergy to mould
1994-06-18,2010-03-17,3b8a6bf7-65bc-4c37-aa42-6675dd21d54b,e9c515a4-e88b-4156-82c1-5e468af09d0d,232350006,House dust mite allergy
1994-06-18,NA,3b8a6bf7-65bc-4c37-aa42-6675dd21d54b,e9c515a4-e88b-4156-82c1-5e468af09d0d,232347008,Dander (animal) allergy
1994-06-18,2010-03-17,3b8a6bf7-65bc-4c37-aa42-6675dd21d54b,e9c515a4-e88b-4156-82c1-5e468af09d0d,418689008,Allergy to grass pollen
1994-06-18,NA,3b8a6bf7-65bc-4c37-aa42-6675dd21d54b,e9c515a4-e88b-4156-82c1-5e468af09d0d,419263009,Allergy to tree pollen
1994-06-18,NA,3b8a6bf7-65bc-4c37-aa42-6675dd21d54b,e9c515a4-e88b-4156-82c1-5e468af09d0d,420174000,Allergy to wheat
1994-06-18,NA,3b8a6bf7-65bc-4c37-aa42-6675dd21d54b,e9c515a4-e88b-4156-82c1-5e468af09d0d,91934008,Allergy to nut
1977-11-23,NA,b28c2379-455b-4795-a932-d65d7da1384e,edf6e92a-798b-4f89-81c0-79106ac48756,91935009,Allergy to peanuts
1919-05-23,NA,c2af0486-8671-462c-81d0-4db5841ed070,a0c6a080-aa95-40c5-ade8-7463114fbd49,232350006,House dust mite allergy
2008-04-27,NA,c877efaa-221a-42a8-9967-27209440bb23,e74245cd-f7d9-4eb9-8f43-c6195f1ceccd,91934008,Allergy to nut
2003-02-09,NA,419e25ad-dfe0-4256-8919-5ea96e8942c3,21592cd0-30bb-47e5-a9f7-0705cc20a5b4,424213003,Allergy to bee venom
2003-02-09,NA,419e25ad-dfe0-4256-8919-5ea96e8942c3,21592cd0-30bb-47e5-a9f7-0705cc20a5b4,419474003,Allergy to mould
2003-02-09,NA,419e25ad-dfe0-4256-8919-5ea96e8942c3,21592cd0-30bb-47e5-a9f7-0705cc20a5b4,232350006,House dust mite allergy
2003-02-09,NA,419e25ad-dfe0-4256-8919-5ea96e8942c3,21592cd0-30bb-47e5-a9f7-0705cc20a5b4,232347008,Dander (animal) allergy
2003-02-09,NA,419e25ad-dfe0-4256-8919-5ea96e8942c3,21592cd0-30bb-47e5-a9f7-0705cc20a5b4,419263009,Allergy to tree pollen
2003-02-09,NA,419e25ad-dfe0-4256-8919-5ea96e8942c3,21592cd0-30bb-47e5-a9f7-0705cc20a5b4,425525006,Allergy to dairy product
2003-02-09,NA,419e25ad-dfe0-4256-8919-5ea96e8942c3,21592cd0-30bb-47e5-a9f7-0705cc20a5b4,420174000,Allergy to wheat
2003-02-09,NA,419e25ad-dfe0-4256-8919-5ea96e8942c3,21592cd0-30bb-47e5-a9f7-0705cc20a5b4,300913006,Shellfish allergy
2003-02-09,NA,419e25ad-dfe0-4256-8919-5ea96e8942c3,21592cd0-30bb-47e5-a9f7-0705cc20a5b4,91934008,Allergy to nut
1963-10-04,NA,c3b0867a-f9ab-4b12-ae4b-df8bb35a7a04,7f53a5ee-edc3-41bb-b6a9-db1e376ff0ba,300913006,Shellfish allergy
1968-06-07,NA,11b1c4ce-d8a5-4ae8-9dc5-45595df41946,b10e2a7c-a49d-4fec-b3ff-3c55694b992f,300913006,Shellfish allergy
2013-12-27,NA,c28ecf25-25ba-444a-90fe-17aba01f204f,b0bc50f2-4c70-4b09-ad58-4e976ad5828e,300916003,Latex allergy
2013-12-27,NA,c28ecf25-25ba-444a-90fe-17aba01f204f,b0bc50f2-4c70-4b09-ad58-4e976ad5828e,424213003,Allergy to bee venom
2013-12-27,NA,c28ecf25-25ba-444a-90fe-17aba01f204f,b0bc50f2-4c70-4b09-ad58-4e976ad5828e,419474003,Allergy to mould
2013-12-27,NA,c28ecf25-25ba-444a-90fe-17aba01f204f,b0bc50f2-4c70-4b09-ad58-4e976ad5828e,232347008,Dander (animal) allergy
2013-12-27,NA,c28ecf25-25ba-444a-90fe-17aba01f204f,b0bc50f2-4c70-4b09-ad58-4e976ad5828e,419263009,Allergy to tree pollen
2013-12-27,NA,c28ecf25-25ba-444a-90fe-17aba01f204f,b0bc50f2-4c70-4b09-ad58-4e976ad5828e,425525006,Allergy to dairy product
2015-06-28,NA,f8a12bac-2747-405f-b425-c5192a8c71c6,6e1a12ff-330b-4d91-8028-6401189caccc,424213003,Allergy to bee venom
2015-06-28,NA,f8a12bac-2747-405f-b425-c5192a8c71c6,6e1a12ff-330b-4d91-8028-6401189caccc,419474003,Allergy to mould
2015-06-28,NA,f8a12bac-2747-405f-b425-c5192a8c71c6,6e1a12ff-330b-4d91-8028-6401189caccc,232350006,House dust mite allergy
2015-06-28,NA,f8a12bac-2747-405f-b425-c5192a8c71c6,6e1a12ff-330b-4d91-8028-6401189caccc,232347008,Dander (animal) allergy
2015-06-28,NA,f8a12bac-2747-405f-b425-c5192a8c71c6,6e1a12ff-330b-4d91-8028-6401189caccc,418689008,Allergy to grass pollen
2015-06-28,NA,f8a12bac-2747-405f-b425-c5192a8c71c6,6e1a12ff-330b-4d91-8028-6401189caccc,419263009,Allergy to tree pollen
2015-06-28,NA,f8a12bac-2747-405f-b425-c5192a8c71c6,6e1a12ff-330b-4d91-8028-6401189caccc,420174000,Allergy to wheat
2015-06-28,NA,f8a12bac-2747-405f-b425-c5192a8c71c6,6e1a12ff-330b-4d91-8028-6401189caccc,417532002,Allergy to fish
2015-06-28,NA,f8a12bac-2747-405f-b425-c5192a8c71c6,6e1a12ff-330b-4d91-8028-6401189caccc,91934008,Allergy to nut
1989-05-18,NA,75c34f30-2c6c-4a1e-9639-66636dc86d64,fea96baf-5eca-4b1c-8fb8-50b650766c13,417532002,Allergy to fish
1980-01-02,NA,471e3bf1-bc80-41c3-9113-cf08e316e7f9,139307a4-2152-4893-82ba-8e7cf9f64750,419474003,Allergy to mould
1980-01-02,NA,471e3bf1-bc80-41c3-9113-cf08e316e7f9,139307a4-2152-4893-82ba-8e7cf9f64750,232347008,Dander (animal) allergy
1980-01-02,NA,471e3bf1-bc80-41c3-9113-cf08e316e7f9,139307a4-2152-4893-82ba-8e7cf9f64750,91930004,Allergy to eggs
1980-01-02,NA,471e3bf1-bc80-41c3-9113-cf08e316e7f9,139307a4-2152-4893-82ba-8e7cf9f64750,91934008,Allergy to nut
1988-07-26,NA,f3555797-e27c-4008-af7a-92d6f0020dfb,fe32ef32-7471-4fd0-bee8-d1826625b63e,425525006,Allergy to dairy product
1988-07-26,NA,f3555797-e27c-4008-af7a-92d6f0020dfb,fe32ef32-7471-4fd0-bee8-d1826625b63e,300913006,Shellfish allergy
2011-06-10,NA,9b9547ea-19fe-41b9-8876-aaf7de0c8ccd,3c16ea08-0021-4015-8635-a77796833133,419474003,Allergy to mould
2011-06-10,NA,9b9547ea-19fe-41b9-8876-aaf7de0c8ccd,3c16ea08-0021-4015-8635-a77796833133,232350006,House dust mite allergy
2011-06-10,NA,9b9547ea-19fe-41b9-8876-aaf7de0c8ccd,3c16ea08-0021-4015-8635-a77796833133,232347008,Dander (animal) allergy
2011-06-10,NA,9b9547ea-19fe-41b9-8876-aaf7de0c8ccd,3c16ea08-0021-4015-8635-a77796833133,418689008,Allergy to grass pollen
2011-06-10,NA,9b9547ea-19fe-41b9-8876-aaf7de0c8ccd,3c16ea08-0021-4015-8635-a77796833133,419263009,Allergy to tree pollen
2011-06-10,NA,9b9547ea-19fe-41b9-8876-aaf7de0c8ccd,3c16ea08-0021-4015-8635-a77796833133,91930004,Allergy to eggs
2011-06-10,NA,9b9547ea-19fe-41b9-8876-aaf7de0c8ccd,3c16ea08-0021-4015-8635-a77796833133,91935009,Allergy to peanuts
1973-07-30,NA,238c5a1e-9bac-452e-997e-a588a8bda323,14eb7c23-8b66-47f1-8a9a-47877e0dcd35,300916003,Latex allergy
1973-07-30,NA,238c5a1e-9bac-452e-997e-a588a8bda323,14eb7c23-8b66-47f1-8a9a-47877e0dcd35,232350006,House dust mite allergy
1973-07-30,NA,238c5a1e-9bac-452e-997e-a588a8bda323,14eb7c23-8b66-47f1-8a9a-47877e0dcd35,232347008,Dander (animal) allergy
1973-07-30,NA,238c5a1e-9bac-452e-997e-a588a8bda323,14eb7c23-8b66-47f1-8a9a-47877e0dcd35,420174000,Allergy to wheat
1966-01-28,NA,5f583a64-ec96-425a-8eb7-891c8ecce4e3,86636974-a58f-4ad7-83ec-a6a2a2434d6c,419474003,Allergy to mould
1966-01-28,NA,5f583a64-ec96-425a-8eb7-891c8ecce4e3,86636974-a58f-4ad7-83ec-a6a2a2434d6c,232350006,House dust mite allergy
1966-01-28,NA,5f583a64-ec96-425a-8eb7-891c8ecce4e3,86636974-a58f-4ad7-83ec-a6a2a2434d6c,232347008,Dander (animal) allergy
1966-01-28,NA,5f583a64-ec96-425a-8eb7-891c8ecce4e3,86636974-a58f-4ad7-83ec-a6a2a2434d6c,418689008,Allergy to grass pollen
1966-01-28,NA,5f583a64-ec96-425a-8eb7-891c8ecce4e3,86636974-a58f-4ad7-83ec-a6a2a2434d6c,419263009,Allergy to tree pollen
1966-01-28,NA,5f583a64-ec96-425a-8eb7-891c8ecce4e3,86636974-a58f-4ad7-83ec-a6a2a2434d6c,91935009,Allergy to peanuts
1946-12-29,NA,810b6e7f-2510-465a-ae92-d7172cb261d9,7e59a414-d567-43b5-987c-301d71101f49,300913006,Shellfish allergy
2015-03-28,NA,27cc64f6-1c0d-4d80-b0d1-ba7d9ae2db54,bcd3dd75-a643-4e70-8c6a-aacc54c4a540,300916003,Latex allergy
2015-03-28,NA,27cc64f6-1c0d-4d80-b0d1-ba7d9ae2db54,bcd3dd75-a643-4e70-8c6a-aacc54c4a540,419474003,Allergy to mould
2015-03-28,NA,27cc64f6-1c0d-4d80-b0d1-ba7d9ae2db54,bcd3dd75-a643-4e70-8c6a-aacc54c4a540,232350006,House dust mite allergy
2015-03-28,NA,27cc64f6-1c0d-4d80-b0d1-ba7d9ae2db54,bcd3dd75-a643-4e70-8c6a-aacc54c4a540,232347008,Dander (animal) allergy
2015-03-28,NA,27cc64f6-1c0d-4d80-b0d1-ba7d9ae2db54,bcd3dd75-a643-4e70-8c6a-aacc54c4a540,418689008,Allergy to grass pollen
2015-03-28,NA,27cc64f6-1c0d-4d80-b0d1-ba7d9ae2db54,bcd3dd75-a643-4e70-8c6a-aacc54c4a540,419263009,Allergy to tree pollen
2015-03-28,NA,27cc64f6-1c0d-4d80-b0d1-ba7d9ae2db54,bcd3dd75-a643-4e70-8c6a-aacc54c4a540,714035009,Allergy to soya
2015-03-28,NA,27cc64f6-1c0d-4d80-b0d1-ba7d9ae2db54,bcd3dd75-a643-4e70-8c6a-aacc54c4a540,417532002,Allergy to fish
2015-03-28,NA,27cc64f6-1c0d-4d80-b0d1-ba7d9ae2db54,bcd3dd75-a643-4e70-8c6a-aacc54c4a540,91934008,Allergy to nut
2013-11-19,NA,29194e29-54e4-4295-8839-164bb16c5cf6,19d24d70-0841-41e8-8a6a-ea10e9fdd22a,419474003,Allergy to mould
2013-11-19,NA,29194e29-54e4-4295-8839-164bb16c5cf6,19d24d70-0841-41e8-8a6a-ea10e9fdd22a,232347008,Dander (animal) allergy
2013-11-19,NA,29194e29-54e4-4295-8839-164bb16c5cf6,19d24d70-0841-41e8-8a6a-ea10e9fdd22a,91935009,Allergy to peanuts
1967-12-18,NA,62f9c191-6729-43ea-8e97-ff52b8559f21,74e10b65-7291-42fb-9ede-74328886ab28,419474003,Allergy to mould
1967-12-18,NA,62f9c191-6729-43ea-8e97-ff52b8559f21,74e10b65-7291-42fb-9ede-74328886ab28,232350006,House dust mite allergy
1967-12-18,NA,62f9c191-6729-43ea-8e97-ff52b8559f21,74e10b65-7291-42fb-9ede-74328886ab28,232347008,Dander (animal) allergy
1967-12-18,NA,62f9c191-6729-43ea-8e97-ff52b8559f21,74e10b65-7291-42fb-9ede-74328886ab28,418689008,Allergy to grass pollen
1967-12-18,NA,62f9c191-6729-43ea-8e97-ff52b8559f21,74e10b65-7291-42fb-9ede-74328886ab28,419263009,Allergy to tree pollen
2000-03-12,NA,3e67432d-007b-41b9-9b4c-9d6dc1c984b4,460082d1-d849-4f4b-b292-9cae49488b4d,300916003,Latex allergy
2000-03-12,2015-06-10,3e67432d-007b-41b9-9b4c-9d6dc1c984b4,460082d1-d849-4f4b-b292-9cae49488b4d,419474003,Allergy to mould
2000-03-12,NA,3e67432d-007b-41b9-9b4c-9d6dc1c984b4,460082d1-d849-4f4b-b292-9cae49488b4d,232347008,Dander (animal) allergy
2000-03-12,NA,3e67432d-007b-41b9-9b4c-9d6dc1c984b4,460082d1-d849-4f4b-b292-9cae49488b4d,418689008,Allergy to grass pollen
2000-03-12,2015-06-10,3e67432d-007b-41b9-9b4c-9d6dc1c984b4,460082d1-d849-4f4b-b292-9cae49488b4d,419263009,Allergy to tree pollen
2000-03-12,NA,3e67432d-007b-41b9-9b4c-9d6dc1c984b4,460082d1-d849-4f4b-b292-9cae49488b4d,300913006,Shellfish allergy
1975-12-31,NA,e16396f2-edee-49dc-9e17-07598d2cef80,97c90fd0-6b1d-4fdd-bdee-6ff5e114128a,419474003,Allergy to mould
1975-12-31,NA,e16396f2-edee-49dc-9e17-07598d2cef80,97c90fd0-6b1d-4fdd-bdee-6ff5e114128a,232350006,House dust mite allergy
1975-12-31,NA,e16396f2-edee-49dc-9e17-07598d2cef80,97c90fd0-6b1d-4fdd-bdee-6ff5e114128a,232347008,Dander (animal) allergy
1975-12-31,NA,e16396f2-edee-49dc-9e17-07598d2cef80,97c90fd0-6b1d-4fdd-bdee-6ff5e114128a,418689008,Allergy to grass pollen
1975-12-31,NA,e16396f2-edee-49dc-9e17-07598d2cef80,97c90fd0-6b1d-4fdd-bdee-6ff5e114128a,419263009,Allergy to tree pollen
1975-12-31,NA,e16396f2-edee-49dc-9e17-07598d2cef80,97c90fd0-6b1d-4fdd-bdee-6ff5e114128a,91935009,Allergy to peanuts
1989-12-18,NA,74cc5c1d-e730-46ca-ba59-4b62fd84927c,a309ab9e-11b4-4ebb-915b-57cb1c1091ce,417532002,Allergy to fish
2019-04-07,NA,33d65d4f-dbc1-48c7-9848-88753f95f7d2,4a86f1a1-31a0-403b-8f86-97e2fbd602dd,419474003,Allergy to mould
2019-04-07,NA,33d65d4f-dbc1-48c7-9848-88753f95f7d2,4a86f1a1-31a0-403b-8f86-97e2fbd602dd,232350006,House dust mite allergy
2019-04-07,NA,33d65d4f-dbc1-48c7-9848-88753f95f7d2,4a86f1a1-31a0-403b-8f86-97e2fbd602dd,232347008,Dander (animal) allergy
2019-04-07,NA,33d65d4f-dbc1-48c7-9848-88753f95f7d2,4a86f1a1-31a0-403b-8f86-97e2fbd602dd,418689008,Allergy to grass pollen
2019-04-07,NA,33d65d4f-dbc1-48c7-9848-88753f95f7d2,4a86f1a1-31a0-403b-8f86-97e2fbd602dd,419263009,Allergy to tree pollen
2019-04-07,NA,33d65d4f-dbc1-48c7-9848-88753f95f7d2,4a86f1a1-31a0-403b-8f86-97e2fbd602dd,714035009,Allergy to soya
2019-04-07,NA,33d65d4f-dbc1-48c7-9848-88753f95f7d2,4a86f1a1-31a0-403b-8f86-97e2fbd602dd,300913006,Shellfish allergy
1914-09-25,NA,138ca48d-792d-4052-a1b0-8d1daca8e779,0dc535df-a57c-4e04-9466-da19500e6db7,420174000,Allergy to wheat
1963-04-12,NA,fa9fb785-3d5a-462e-b6a2-e191c142fa80,d6bacf71-2223-4929-a7be-9d97ca2621e5,300913006,Shellfish allergy
1956-04-07,NA,2b73a50a-6d97-4065-8a20-064cfc6a769e,cf4cee07-75cb-45da-96a6-4d38a54c9541,417532002,Allergy to fish
1988-08-14,NA,c6daaeb3-78b2-477b-bfc2-3e7e62b4b132,85153fa1-6874-4c42-9b3e-9a9fe674bc3f,91934008,Allergy to nut
1973-05-25,NA,ff2f5a05-89d8-4a38-8fd1-853d32f6c444,5b043dc5-963f-465e-8893-c61a3165f4bd,417532002,Allergy to fish
1954-06-02,NA,1318d451-e72f-49b9-8100-e138b5253ffa,e866a949-6098-4616-92d3-92458c289d04,232347008,Dander (animal) allergy
1954-06-02,NA,1318d451-e72f-49b9-8100-e138b5253ffa,e866a949-6098-4616-92d3-92458c289d04,300913006,Shellfish allergy
1988-05-10,NA,362994ba-34a9-4304-92ba-9dcd679ea0a5,a2e7da3c-b3d3-4fbe-9b53-dc149f83d822,420174000,Allergy to wheat
1999-11-28,NA,41f96f87-4afa-4921-9828-8e6dfa1fb854,44fcb7ed-f1f1-4af1-bead-1824e4294f4b,419474003,Allergy to mould
1999-11-28,NA,41f96f87-4afa-4921-9828-8e6dfa1fb854,44fcb7ed-f1f1-4af1-bead-1824e4294f4b,300913006,Shellfish allergy
2015-07-07,NA,9e8a5824-656e-4da4-9699-9d4388db9e1b,0f955504-61df-4e31-8840-c343b8194f21,419474003,Allergy to mould
2015-07-07,NA,9e8a5824-656e-4da4-9699-9d4388db9e1b,0f955504-61df-4e31-8840-c343b8194f21,232350006,House dust mite allergy
2015-07-07,NA,9e8a5824-656e-4da4-9699-9d4388db9e1b,0f955504-61df-4e31-8840-c343b8194f21,232347008,Dander (animal) allergy
2015-07-07,NA,9e8a5824-656e-4da4-9699-9d4388db9e1b,0f955504-61df-4e31-8840-c343b8194f21,418689008,Allergy to grass pollen
2015-07-07,NA,9e8a5824-656e-4da4-9699-9d4388db9e1b,0f955504-61df-4e31-8840-c343b8194f21,419263009,Allergy to tree pollen
2015-07-07,NA,9e8a5824-656e-4da4-9699-9d4388db9e1b,0f955504-61df-4e31-8840-c343b8194f21,91934008,Allergy to nut
2007-04-05,NA,aacce8cc-b197-4113-ae53-c4e05bdd61de,54bb30df-b19b-4096-8f57-09275972b887,300916003,Latex allergy
2007-04-05,NA,aacce8cc-b197-4113-ae53-c4e05bdd61de,54bb30df-b19b-4096-8f57-09275972b887,419474003,Allergy to mould
2007-04-05,NA,aacce8cc-b197-4113-ae53-c4e05bdd61de,54bb30df-b19b-4096-8f57-09275972b887,232350006,House dust mite allergy
2007-04-05,NA,aacce8cc-b197-4113-ae53-c4e05bdd61de,54bb30df-b19b-4096-8f57-09275972b887,232347008,Dander (animal) allergy
2007-04-05,NA,aacce8cc-b197-4113-ae53-c4e05bdd61de,54bb30df-b19b-4096-8f57-09275972b887,418689008,Allergy to grass pollen
2007-04-05,NA,aacce8cc-b197-4113-ae53-c4e05bdd61de,54bb30df-b19b-4096-8f57-09275972b887,419263009,Allergy to tree pollen
2007-04-05,NA,aacce8cc-b197-4113-ae53-c4e05bdd61de,54bb30df-b19b-4096-8f57-09275972b887,425525006,Allergy to dairy product
2007-04-05,NA,aacce8cc-b197-4113-ae53-c4e05bdd61de,54bb30df-b19b-4096-8f57-09275972b887,420174000,Allergy to wheat
2007-04-05,NA,aacce8cc-b197-4113-ae53-c4e05bdd61de,54bb30df-b19b-4096-8f57-09275972b887,300913006,Shellfish allergy
2007-04-05,NA,aacce8cc-b197-4113-ae53-c4e05bdd61de,54bb30df-b19b-4096-8f57-09275972b887,417532002,Allergy to fish
2007-04-05,NA,aacce8cc-b197-4113-ae53-c4e05bdd61de,54bb30df-b19b-4096-8f57-09275972b887,91934008,Allergy to nut
1933-03-03,NA,ee3fd185-6f48-409e-988c-3d2bcf3b959b,24e5cdbe-f16c-4b73-9aac-ebe61344972c,91934008,Allergy to nut
1989-05-31,NA,1b462218-f466-4ea0-ad64-692e445a6f17,73ebfb4a-051a-47ed-9388-d269c4b8878f,419474003,Allergy to mould
1998-09-23,NA,a1996e1f-7b5f-4e7c-b1f3-4ee57a993301,3810e21d-7252-4a0d-8529-0bd9bb289e29,300916003,Latex allergy
1998-09-23,NA,a1996e1f-7b5f-4e7c-b1f3-4ee57a993301,3810e21d-7252-4a0d-8529-0bd9bb289e29,419474003,Allergy to mould
1998-09-23,NA,a1996e1f-7b5f-4e7c-b1f3-4ee57a993301,3810e21d-7252-4a0d-8529-0bd9bb289e29,232350006,House dust mite allergy
1998-09-23,NA,a1996e1f-7b5f-4e7c-b1f3-4ee57a993301,3810e21d-7252-4a0d-8529-0bd9bb289e29,232347008,Dander (animal) allergy
1998-09-23,NA,a1996e1f-7b5f-4e7c-b1f3-4ee57a993301,3810e21d-7252-4a0d-8529-0bd9bb289e29,418689008,Allergy to grass pollen
1998-09-23,NA,a1996e1f-7b5f-4e7c-b1f3-4ee57a993301,3810e21d-7252-4a0d-8529-0bd9bb289e29,419263009,Allergy to tree pollen
1998-09-23,NA,a1996e1f-7b5f-4e7c-b1f3-4ee57a993301,3810e21d-7252-4a0d-8529-0bd9bb289e29,425525006,Allergy to dairy product
1998-09-23,NA,a1996e1f-7b5f-4e7c-b1f3-4ee57a993301,3810e21d-7252-4a0d-8529-0bd9bb289e29,420174000,Allergy to wheat
1998-09-23,NA,a1996e1f-7b5f-4e7c-b1f3-4ee57a993301,3810e21d-7252-4a0d-8529-0bd9bb289e29,300913006,Shellfish allergy
1998-09-23,NA,a1996e1f-7b5f-4e7c-b1f3-4ee57a993301,3810e21d-7252-4a0d-8529-0bd9bb289e29,91935009,Allergy to peanuts
2009-06-01,NA,454a54ce-9f68-4397-9ce5-9d65248e6a41,83d05f33-c7cf-4570-997e-3394c7eeb104,420174000,Allergy to wheat
1970-07-19,NA,ac86298b-8d6f-496d-8e32-14f543410f35,0d986a32-309a-4dc3-9b93-f12de38792f5,419263009,Allergy to tree pollen
1970-07-19,NA,ac86298b-8d6f-496d-8e32-14f543410f35,0d986a32-309a-4dc3-9b93-f12de38792f5,425525006,Allergy to dairy product
1970-07-19,NA,ac86298b-8d6f-496d-8e32-14f543410f35,0d986a32-309a-4dc3-9b93-f12de38792f5,300913006,Shellfish allergy
1970-07-19,NA,ac86298b-8d6f-496d-8e32-14f543410f35,0d986a32-309a-4dc3-9b93-f12de38792f5,417532002,Allergy to fish
1960-05-16,NA,30809a39-f558-4edc-81dc-1e760647f7b5,5d403c10-ea7c-4d06-ae30-a5ad861fc6ca,419474003,Allergy to mould
2006-11-04,NA,25d1c27f-de37-40ad-b45a-95a4d99ff9d7,af6c1bdd-93ba-4b12-915d-cfeb8258694e,419474003,Allergy to mould
2006-11-04,NA,25d1c27f-de37-40ad-b45a-95a4d99ff9d7,af6c1bdd-93ba-4b12-915d-cfeb8258694e,300913006,Shellfish allergy
2008-10-16,NA,7e3eb3d6-d542-4abf-8c2c-3e772802799e,f9877178-c938-4ec7-b792-f7350993ba90,300916003,Latex allergy
2008-10-16,NA,7e3eb3d6-d542-4abf-8c2c-3e772802799e,f9877178-c938-4ec7-b792-f7350993ba90,424213003,Allergy to bee venom
2008-10-16,NA,7e3eb3d6-d542-4abf-8c2c-3e772802799e,f9877178-c938-4ec7-b792-f7350993ba90,419474003,Allergy to mould
2008-10-16,NA,7e3eb3d6-d542-4abf-8c2c-3e772802799e,f9877178-c938-4ec7-b792-f7350993ba90,232350006,House dust mite allergy
2008-10-16,NA,7e3eb3d6-d542-4abf-8c2c-3e772802799e,f9877178-c938-4ec7-b792-f7350993ba90,232347008,Dander (animal) allergy
2008-10-16,NA,7e3eb3d6-d542-4abf-8c2c-3e772802799e,f9877178-c938-4ec7-b792-f7350993ba90,418689008,Allergy to grass pollen
2008-10-16,NA,7e3eb3d6-d542-4abf-8c2c-3e772802799e,f9877178-c938-4ec7-b792-f7350993ba90,419263009,Allergy to tree pollen
2008-10-16,NA,7e3eb3d6-d542-4abf-8c2c-3e772802799e,f9877178-c938-4ec7-b792-f7350993ba90,91930004,Allergy to eggs
2008-10-16,NA,7e3eb3d6-d542-4abf-8c2c-3e772802799e,f9877178-c938-4ec7-b792-f7350993ba90,420174000,Allergy to wheat
2008-10-16,NA,7e3eb3d6-d542-4abf-8c2c-3e772802799e,f9877178-c938-4ec7-b792-f7350993ba90,91934008,Allergy to nut
2018-05-05,NA,bcdbbb96-4f77-4641-85aa-a13c24e5e5d8,3bd839af-cbd7-4e61-a633-7a9ecc88f215,419474003,Allergy to mould
2018-05-05,NA,bcdbbb96-4f77-4641-85aa-a13c24e5e5d8,3bd839af-cbd7-4e61-a633-7a9ecc88f215,232347008,Dander (animal) allergy
2018-05-05,NA,bcdbbb96-4f77-4641-85aa-a13c24e5e5d8,3bd839af-cbd7-4e61-a633-7a9ecc88f215,418689008,Allergy to grass pollen
2018-05-05,NA,bcdbbb96-4f77-4641-85aa-a13c24e5e5d8,3bd839af-cbd7-4e61-a633-7a9ecc88f215,419263009,Allergy to tree pollen
2018-05-05,NA,bcdbbb96-4f77-4641-85aa-a13c24e5e5d8,3bd839af-cbd7-4e61-a633-7a9ecc88f215,425525006,Allergy to dairy product
2018-05-05,NA,bcdbbb96-4f77-4641-85aa-a13c24e5e5d8,3bd839af-cbd7-4e61-a633-7a9ecc88f215,91930004,Allergy to eggs
2018-05-05,NA,bcdbbb96-4f77-4641-85aa-a13c24e5e5d8,3bd839af-cbd7-4e61-a633-7a9ecc88f215,91935009,Allergy to peanuts
1974-05-28,NA,2aa4cea6-a90b-404f-be2d-0926eb1cfb82,fd07e07c-a74f-4889-8a92-c9a695cf7bf7,300916003,Latex allergy
1924-12-08,1993-07-08,93269643-bbd6-4143-ae5b-6dcd98aefd2a,ad99b869-33e0-4cb9-ab52-30253e74f055,419474003,Allergy to mould
1924-12-08,NA,93269643-bbd6-4143-ae5b-6dcd98aefd2a,ad99b869-33e0-4cb9-ab52-30253e74f055,91934008,Allergy to nut
1969-09-24,NA,87fb7aeb-4bce-4e0f-8461-91ff29d6987a,357b9d60-59ed-4c6c-86f4-700c5972667d,419474003,Allergy to mould
1969-09-24,NA,87fb7aeb-4bce-4e0f-8461-91ff29d6987a,357b9d60-59ed-4c6c-86f4-700c5972667d,232350006,House dust mite allergy
1969-09-24,NA,87fb7aeb-4bce-4e0f-8461-91ff29d6987a,357b9d60-59ed-4c6c-86f4-700c5972667d,232347008,Dander (animal) allergy
1969-09-24,NA,87fb7aeb-4bce-4e0f-8461-91ff29d6987a,357b9d60-59ed-4c6c-86f4-700c5972667d,418689008,Allergy to grass pollen
1969-09-24,NA,87fb7aeb-4bce-4e0f-8461-91ff29d6987a,357b9d60-59ed-4c6c-86f4-700c5972667d,419263009,Allergy to tree pollen
1969-09-24,NA,87fb7aeb-4bce-4e0f-8461-91ff29d6987a,357b9d60-59ed-4c6c-86f4-700c5972667d,714035009,Allergy to soya
1969-09-24,NA,87fb7aeb-4bce-4e0f-8461-91ff29d6987a,357b9d60-59ed-4c6c-86f4-700c5972667d,417532002,Allergy to fish
1998-10-23,2015-06-15,80fa29f5-d9d3-413e-977a-0d35720776ac,8583effe-c52a-4f88-ae2f-a11f90cd3b7c,300916003,Latex allergy
1998-10-23,NA,80fa29f5-d9d3-413e-977a-0d35720776ac,8583effe-c52a-4f88-ae2f-a11f90cd3b7c,419474003,Allergy to mould
1998-10-23,NA,80fa29f5-d9d3-413e-977a-0d35720776ac,8583effe-c52a-4f88-ae2f-a11f90cd3b7c,232350006,House dust mite allergy
1998-10-23,NA,80fa29f5-d9d3-413e-977a-0d35720776ac,8583effe-c52a-4f88-ae2f-a11f90cd3b7c,232347008,Dander (animal) allergy
1998-10-23,NA,80fa29f5-d9d3-413e-977a-0d35720776ac,8583effe-c52a-4f88-ae2f-a11f90cd3b7c,419263009,Allergy to tree pollen
1998-10-23,2015-06-15,80fa29f5-d9d3-413e-977a-0d35720776ac,8583effe-c52a-4f88-ae2f-a11f90cd3b7c,714035009,Allergy to soya
1998-10-23,2015-06-15,80fa29f5-d9d3-413e-977a-0d35720776ac,8583effe-c52a-4f88-ae2f-a11f90cd3b7c,420174000,Allergy to wheat
1998-12-09,NA,4101741a-51be-4b6c-a37e-c6233340ce12,535ad2ce-ab7f-4ba6-8797-2e94ae6c5cc0,300916003,Latex allergy
1998-12-09,NA,4101741a-51be-4b6c-a37e-c6233340ce12,535ad2ce-ab7f-4ba6-8797-2e94ae6c5cc0,419474003,Allergy to mould
1998-12-09,NA,4101741a-51be-4b6c-a37e-c6233340ce12,535ad2ce-ab7f-4ba6-8797-2e94ae6c5cc0,232350006,House dust mite allergy
1998-12-09,NA,4101741a-51be-4b6c-a37e-c6233340ce12,535ad2ce-ab7f-4ba6-8797-2e94ae6c5cc0,232347008,Dander (animal) allergy
1998-12-09,NA,4101741a-51be-4b6c-a37e-c6233340ce12,535ad2ce-ab7f-4ba6-8797-2e94ae6c5cc0,418689008,Allergy to grass pollen
1998-12-09,NA,4101741a-51be-4b6c-a37e-c6233340ce12,535ad2ce-ab7f-4ba6-8797-2e94ae6c5cc0,419263009,Allergy to tree pollen
1990-01-09,NA,585badbd-11fa-4e8d-8b1d-dae55ca7553f,a55ca0c7-5340-462b-b051-8b2d895968a1,300916003,Latex allergy
1972-11-04,NA,522c5eac-640e-4ae5-aecf-80297c50475b,b0dbabde-efa3-45f0-895f-a5a1f9a7af80,424213003,Allergy to bee venom
1972-11-04,NA,522c5eac-640e-4ae5-aecf-80297c50475b,b0dbabde-efa3-45f0-895f-a5a1f9a7af80,91935009,Allergy to peanuts
2013-07-15,NA,f7e9080f-6fc8-4b33-9662-ed2c5aeacd7f,21c57f75-b3fb-430b-bef5-3ba7d53eb3b4,232347008,Dander (animal) allergy
2013-07-15,NA,f7e9080f-6fc8-4b33-9662-ed2c5aeacd7f,21c57f75-b3fb-430b-bef5-3ba7d53eb3b4,300913006,Shellfish allergy
2007-01-25,NA,06b99d58-12a5-42be-8ffa-5cd7e94e0d8e,b5ccd2bf-cded-4d3c-9f46-a3ec42357062,424213003,Allergy to bee venom
2007-01-25,NA,06b99d58-12a5-42be-8ffa-5cd7e94e0d8e,b5ccd2bf-cded-4d3c-9f46-a3ec42357062,419474003,Allergy to mould
2007-01-25,NA,06b99d58-12a5-42be-8ffa-5cd7e94e0d8e,b5ccd2bf-cded-4d3c-9f46-a3ec42357062,232350006,House dust mite allergy
2007-01-25,NA,06b99d58-12a5-42be-8ffa-5cd7e94e0d8e,b5ccd2bf-cded-4d3c-9f46-a3ec42357062,232347008,Dander (animal) allergy
2007-01-25,NA,06b99d58-12a5-42be-8ffa-5cd7e94e0d8e,b5ccd2bf-cded-4d3c-9f46-a3ec42357062,418689008,Allergy to grass pollen
2007-01-25,NA,06b99d58-12a5-42be-8ffa-5cd7e94e0d8e,b5ccd2bf-cded-4d3c-9f46-a3ec42357062,419263009,Allergy to tree pollen
2007-01-25,NA,06b99d58-12a5-42be-8ffa-5cd7e94e0d8e,b5ccd2bf-cded-4d3c-9f46-a3ec42357062,91930004,Allergy to eggs
2007-01-25,NA,06b99d58-12a5-42be-8ffa-5cd7e94e0d8e,b5ccd2bf-cded-4d3c-9f46-a3ec42357062,420174000,Allergy to wheat
2007-01-25,NA,06b99d58-12a5-42be-8ffa-5cd7e94e0d8e,b5ccd2bf-cded-4d3c-9f46-a3ec42357062,91935009,Allergy to peanuts
1999-06-18,2015-04-16,7c4ff333-9c82-413b-94f1-dbddd9f48746,7b0e8978-38ec-47b9-a04e-f2356a4ab670,419474003,Allergy to mould
1999-06-18,2015-04-16,7c4ff333-9c82-413b-94f1-dbddd9f48746,7b0e8978-38ec-47b9-a04e-f2356a4ab670,232347008,Dander (animal) allergy
1999-06-18,2015-04-16,7c4ff333-9c82-413b-94f1-dbddd9f48746,7b0e8978-38ec-47b9-a04e-f2356a4ab670,418689008,Allergy to grass pollen
1999-06-18,2015-04-16,7c4ff333-9c82-413b-94f1-dbddd9f48746,7b0e8978-38ec-47b9-a04e-f2356a4ab670,419263009,Allergy to tree pollen
1999-06-18,NA,7c4ff333-9c82-413b-94f1-dbddd9f48746,7b0e8978-38ec-47b9-a04e-f2356a4ab670,91930004,Allergy to eggs
1999-06-18,NA,7c4ff333-9c82-413b-94f1-dbddd9f48746,7b0e8978-38ec-47b9-a04e-f2356a4ab670,417532002,Allergy to fish
1975-10-12,NA,479f39ac-5d90-438e-a35f-150ec4829a28,e15d6c4e-6dbb-4dfd-ae3c-783354c1ab12,424213003,Allergy to bee venom
1975-10-12,NA,479f39ac-5d90-438e-a35f-150ec4829a28,e15d6c4e-6dbb-4dfd-ae3c-783354c1ab12,419474003,Allergy to mould
1975-10-12,NA,479f39ac-5d90-438e-a35f-150ec4829a28,e15d6c4e-6dbb-4dfd-ae3c-783354c1ab12,232350006,House dust mite allergy
1975-10-12,NA,479f39ac-5d90-438e-a35f-150ec4829a28,e15d6c4e-6dbb-4dfd-ae3c-783354c1ab12,232347008,Dander (animal) allergy
1975-10-12,NA,479f39ac-5d90-438e-a35f-150ec4829a28,e15d6c4e-6dbb-4dfd-ae3c-783354c1ab12,418689008,Allergy to grass pollen
1975-10-12,NA,479f39ac-5d90-438e-a35f-150ec4829a28,e15d6c4e-6dbb-4dfd-ae3c-783354c1ab12,419263009,Allergy to tree pollen
1975-10-12,NA,479f39ac-5d90-438e-a35f-150ec4829a28,e15d6c4e-6dbb-4dfd-ae3c-783354c1ab12,91934008,Allergy to nut
1996-01-19,2012-08-07,d3947b92-573e-446a-ad62-9eca7f649508,11cd097d-426c-4e38-b65a-b6d6364628a2,300916003,Latex allergy
1996-01-19,2012-08-07,d3947b92-573e-446a-ad62-9eca7f649508,11cd097d-426c-4e38-b65a-b6d6364628a2,420174000,Allergy to wheat
2009-07-04,NA,5a4e27dc-74ac-400c-b78a-4b5a027f5a26,fa1be0cd-8947-4cdf-a7f6-86851159fd18,714035009,Allergy to soya
2018-12-16,NA,0ae1b16f-ac32-4431-9609-f341c8ec929d,06f86bc5-60c9-4b5d-a41a-43f3c23df5e8,300916003,Latex allergy
2018-12-16,NA,0ae1b16f-ac32-4431-9609-f341c8ec929d,06f86bc5-60c9-4b5d-a41a-43f3c23df5e8,419474003,Allergy to mould
2018-12-16,NA,0ae1b16f-ac32-4431-9609-f341c8ec929d,06f86bc5-60c9-4b5d-a41a-43f3c23df5e8,232350006,House dust mite allergy
2018-12-16,NA,0ae1b16f-ac32-4431-9609-f341c8ec929d,06f86bc5-60c9-4b5d-a41a-43f3c23df5e8,232347008,Dander (animal) allergy
2018-12-16,NA,0ae1b16f-ac32-4431-9609-f341c8ec929d,06f86bc5-60c9-4b5d-a41a-43f3c23df5e8,418689008,Allergy to grass pollen
2018-12-16,NA,0ae1b16f-ac32-4431-9609-f341c8ec929d,06f86bc5-60c9-4b5d-a41a-43f3c23df5e8,419263009,Allergy to tree pollen
2018-12-16,NA,0ae1b16f-ac32-4431-9609-f341c8ec929d,06f86bc5-60c9-4b5d-a41a-43f3c23df5e8,714035009,Allergy to soya
2018-12-16,NA,0ae1b16f-ac32-4431-9609-f341c8ec929d,06f86bc5-60c9-4b5d-a41a-43f3c23df5e8,91930004,Allergy to eggs
2018-12-16,NA,0ae1b16f-ac32-4431-9609-f341c8ec929d,06f86bc5-60c9-4b5d-a41a-43f3c23df5e8,417532002,Allergy to fish
1968-05-31,NA,fccec1d8-2607-4796-b8d2-4f033163e33c,71055a3b-8789-4b51-8582-7e6951610e11,424213003,Allergy to bee venom
1968-05-31,NA,fccec1d8-2607-4796-b8d2-4f033163e33c,71055a3b-8789-4b51-8582-7e6951610e11,419474003,Allergy to mould
1968-05-31,NA,fccec1d8-2607-4796-b8d2-4f033163e33c,71055a3b-8789-4b51-8582-7e6951610e11,232347008,Dander (animal) allergy
1968-05-31,NA,fccec1d8-2607-4796-b8d2-4f033163e33c,71055a3b-8789-4b51-8582-7e6951610e11,418689008,Allergy to grass pollen
1968-05-31,NA,fccec1d8-2607-4796-b8d2-4f033163e33c,71055a3b-8789-4b51-8582-7e6951610e11,419263009,Allergy to tree pollen
1968-05-31,NA,fccec1d8-2607-4796-b8d2-4f033163e33c,71055a3b-8789-4b51-8582-7e6951610e11,300913006,Shellfish allergy
2018-01-31,NA,3d019a80-8ec0-45d3-a9e2-7e30b7c4b43a,092afa6e-50b2-4157-8a10-34ed8a191672,424213003,Allergy to bee venom
2018-01-31,NA,3d019a80-8ec0-45d3-a9e2-7e30b7c4b43a,092afa6e-50b2-4157-8a10-34ed8a191672,419474003,Allergy to mould
2018-01-31,NA,3d019a80-8ec0-45d3-a9e2-7e30b7c4b43a,092afa6e-50b2-4157-8a10-34ed8a191672,232350006,House dust mite allergy
2018-01-31,NA,3d019a80-8ec0-45d3-a9e2-7e30b7c4b43a,092afa6e-50b2-4157-8a10-34ed8a191672,232347008,Dander (animal) allergy
2018-01-31,NA,3d019a80-8ec0-45d3-a9e2-7e30b7c4b43a,092afa6e-50b2-4157-8a10-34ed8a191672,418689008,Allergy to grass pollen
2018-01-31,NA,3d019a80-8ec0-45d3-a9e2-7e30b7c4b43a,092afa6e-50b2-4157-8a10-34ed8a191672,419263009,Allergy to tree pollen
2018-01-31,NA,3d019a80-8ec0-45d3-a9e2-7e30b7c4b43a,092afa6e-50b2-4157-8a10-34ed8a191672,300913006,Shellfish allergy
2018-01-31,NA,3d019a80-8ec0-45d3-a9e2-7e30b7c4b43a,092afa6e-50b2-4157-8a10-34ed8a191672,91935009,Allergy to peanuts
1996-02-09,NA,4f646031-5b94-4e85-95f9-be5d067e13c9,43133cd7-e41f-44be-993d-3b6e75b3dab3,300913006,Shellfish allergy
1995-11-21,2012-11-06,3b091160-d598-4895-8c9e-ec2b5e4c64f6,739a2d33-ff30-430a-8d64-e98bee1f5a4b,91930004,Allergy to eggs
1950-11-12,NA,eefc91ad-f9bc-42de-a711-e3bd09506b48,2510a778-5fe5-4538-89b0-37809b40d3fd,300913006,Shellfish allergy
2015-11-22,NA,a1b277a7-1580-4d29-881a-8118535d5ef8,a0c3bcf8-7606-4b07-8e5a-ba81db34a40f,419474003,Allergy to mould
2015-11-22,NA,a1b277a7-1580-4d29-881a-8118535d5ef8,a0c3bcf8-7606-4b07-8e5a-ba81db34a40f,232350006,House dust mite allergy
2015-11-22,NA,a1b277a7-1580-4d29-881a-8118535d5ef8,a0c3bcf8-7606-4b07-8e5a-ba81db34a40f,232347008,Dander (animal) allergy
2015-11-22,NA,a1b277a7-1580-4d29-881a-8118535d5ef8,a0c3bcf8-7606-4b07-8e5a-ba81db34a40f,418689008,Allergy to grass pollen
2015-11-22,NA,a1b277a7-1580-4d29-881a-8118535d5ef8,a0c3bcf8-7606-4b07-8e5a-ba81db34a40f,419263009,Allergy to tree pollen
2015-02-24,NA,e7989c75-2b06-4a19-bb64-efc215337e72,65021d99-09b8-47d3-9e91-d79d6ec4e3ca,300916003,Latex allergy
2015-02-24,NA,e7989c75-2b06-4a19-bb64-efc215337e72,65021d99-09b8-47d3-9e91-d79d6ec4e3ca,419474003,Allergy to mould
2015-02-24,NA,e7989c75-2b06-4a19-bb64-efc215337e72,65021d99-09b8-47d3-9e91-d79d6ec4e3ca,232350006,House dust mite allergy
2015-02-24,NA,e7989c75-2b06-4a19-bb64-efc215337e72,65021d99-09b8-47d3-9e91-d79d6ec4e3ca,232347008,Dander (animal) allergy
2015-02-24,NA,e7989c75-2b06-4a19-bb64-efc215337e72,65021d99-09b8-47d3-9e91-d79d6ec4e3ca,418689008,Allergy to grass pollen
2015-02-24,NA,e7989c75-2b06-4a19-bb64-efc215337e72,65021d99-09b8-47d3-9e91-d79d6ec4e3ca,419263009,Allergy to tree pollen
2015-02-24,NA,e7989c75-2b06-4a19-bb64-efc215337e72,65021d99-09b8-47d3-9e91-d79d6ec4e3ca,91935009,Allergy to peanuts
2012-06-02,NA,0b8d045b-5935-420d-963a-a470cd5e3a8d,59c7c8da-ac41-4c1a-b5c2-33bf299dad42,419474003,Allergy to mould
2012-06-02,NA,0b8d045b-5935-420d-963a-a470cd5e3a8d,59c7c8da-ac41-4c1a-b5c2-33bf299dad42,232350006,House dust mite allergy
2012-06-02,NA,0b8d045b-5935-420d-963a-a470cd5e3a8d,59c7c8da-ac41-4c1a-b5c2-33bf299dad42,232347008,Dander (animal) allergy
2012-06-02,NA,0b8d045b-5935-420d-963a-a470cd5e3a8d,59c7c8da-ac41-4c1a-b5c2-33bf299dad42,418689008,Allergy to grass pollen
2012-06-02,NA,0b8d045b-5935-420d-963a-a470cd5e3a8d,59c7c8da-ac41-4c1a-b5c2-33bf299dad42,91930004,Allergy to eggs
1991-08-08,NA,0f00f006-8c76-4453-9bd1-7da35482a692,3ac0ff7c-bf2e-49a8-9c67-fd0dca236a6c,424213003,Allergy to bee venom
1991-08-08,NA,0f00f006-8c76-4453-9bd1-7da35482a692,3ac0ff7c-bf2e-49a8-9c67-fd0dca236a6c,419474003,Allergy to mould
1991-08-08,NA,0f00f006-8c76-4453-9bd1-7da35482a692,3ac0ff7c-bf2e-49a8-9c67-fd0dca236a6c,232347008,Dander (animal) allergy
1991-08-08,NA,0f00f006-8c76-4453-9bd1-7da35482a692,3ac0ff7c-bf2e-49a8-9c67-fd0dca236a6c,418689008,Allergy to grass pollen
1991-08-08,NA,0f00f006-8c76-4453-9bd1-7da35482a692,3ac0ff7c-bf2e-49a8-9c67-fd0dca236a6c,419263009,Allergy to tree pollen
1991-08-08,NA,0f00f006-8c76-4453-9bd1-7da35482a692,3ac0ff7c-bf2e-49a8-9c67-fd0dca236a6c,420174000,Allergy to wheat
1991-08-08,NA,0f00f006-8c76-4453-9bd1-7da35482a692,3ac0ff7c-bf2e-49a8-9c67-fd0dca236a6c,91934008,Allergy to nut
1998-02-28,2013-04-30,9f70c3a9-cfa1-4acf-9032-98a8f05d9d94,d8f65ce4-1161-42f2-976a-9a2abb56b93d,419474003,Allergy to mould
1998-02-28,2013-04-30,9f70c3a9-cfa1-4acf-9032-98a8f05d9d94,d8f65ce4-1161-42f2-976a-9a2abb56b93d,232350006,House dust mite allergy
1998-02-28,NA,9f70c3a9-cfa1-4acf-9032-98a8f05d9d94,d8f65ce4-1161-42f2-976a-9a2abb56b93d,232347008,Dander (animal) allergy
1998-02-28,NA,9f70c3a9-cfa1-4acf-9032-98a8f05d9d94,d8f65ce4-1161-42f2-976a-9a2abb56b93d,418689008,Allergy to grass pollen
1998-02-28,2014-10-22,9f70c3a9-cfa1-4acf-9032-98a8f05d9d94,d8f65ce4-1161-42f2-976a-9a2abb56b93d,91930004,Allergy to eggs
1998-02-28,2014-10-22,9f70c3a9-cfa1-4acf-9032-98a8f05d9d94,d8f65ce4-1161-42f2-976a-9a2abb56b93d,420174000,Allergy to wheat
1998-02-28,NA,9f70c3a9-cfa1-4acf-9032-98a8f05d9d94,d8f65ce4-1161-42f2-976a-9a2abb56b93d,417532002,Allergy to fish
1975-03-03,NA,b34b54b9-3e58-431e-b240-57f70ec02512,63a06904-6b5f-4437-9817-09d1c978bd8d,419474003,Allergy to mould
1975-03-03,NA,b34b54b9-3e58-431e-b240-57f70ec02512,63a06904-6b5f-4437-9817-09d1c978bd8d,232350006,House dust mite allergy
1975-03-03,NA,b34b54b9-3e58-431e-b240-57f70ec02512,63a06904-6b5f-4437-9817-09d1c978bd8d,232347008,Dander (animal) allergy
1975-03-03,NA,b34b54b9-3e58-431e-b240-57f70ec02512,63a06904-6b5f-4437-9817-09d1c978bd8d,418689008,Allergy to grass pollen
1975-03-03,NA,b34b54b9-3e58-431e-b240-57f70ec02512,63a06904-6b5f-4437-9817-09d1c978bd8d,419263009,Allergy to tree pollen
1975-03-03,NA,b34b54b9-3e58-431e-b240-57f70ec02512,63a06904-6b5f-4437-9817-09d1c978bd8d,91930004,Allergy to eggs
1975-03-03,NA,b34b54b9-3e58-431e-b240-57f70ec02512,63a06904-6b5f-4437-9817-09d1c978bd8d,91935009,Allergy to peanuts
2012-05-02,NA,99349adc-fe30-4fa0-b8a7-2922b1d6e9aa,a48892d4-7951-43b1-bf69-0bec53fdb6b7,419474003,Allergy to mould
2012-05-02,NA,99349adc-fe30-4fa0-b8a7-2922b1d6e9aa,a48892d4-7951-43b1-bf69-0bec53fdb6b7,232350006,House dust mite allergy
2012-05-02,NA,99349adc-fe30-4fa0-b8a7-2922b1d6e9aa,a48892d4-7951-43b1-bf69-0bec53fdb6b7,232347008,Dander (animal) allergy
2012-05-02,NA,99349adc-fe30-4fa0-b8a7-2922b1d6e9aa,a48892d4-7951-43b1-bf69-0bec53fdb6b7,418689008,Allergy to grass pollen
2012-05-02,NA,99349adc-fe30-4fa0-b8a7-2922b1d6e9aa,a48892d4-7951-43b1-bf69-0bec53fdb6b7,419263009,Allergy to tree pollen
2012-05-02,NA,99349adc-fe30-4fa0-b8a7-2922b1d6e9aa,a48892d4-7951-43b1-bf69-0bec53fdb6b7,91935009,Allergy to peanuts
1954-12-20,NA,97acbcb3-253a-49fc-8d50-d4534d373032,2fccf49e-4473-414c-9fc1-2e58d2c7cf23,300916003,Latex allergy
1954-12-20,NA,97acbcb3-253a-49fc-8d50-d4534d373032,2fccf49e-4473-414c-9fc1-2e58d2c7cf23,91934008,Allergy to nut
2003-02-20,NA,5db80033-0840-40f1-9542-d906957856df,970f35e8-cce5-4b78-ada4-6c658c6bbcd0,419474003,Allergy to mould
2003-02-20,NA,5db80033-0840-40f1-9542-d906957856df,970f35e8-cce5-4b78-ada4-6c658c6bbcd0,232347008,Dander (animal) allergy
2003-02-20,NA,5db80033-0840-40f1-9542-d906957856df,970f35e8-cce5-4b78-ada4-6c658c6bbcd0,418689008,Allergy to grass pollen
2003-02-20,NA,5db80033-0840-40f1-9542-d906957856df,970f35e8-cce5-4b78-ada4-6c658c6bbcd0,91930004,Allergy to eggs
2003-02-20,NA,5db80033-0840-40f1-9542-d906957856df,970f35e8-cce5-4b78-ada4-6c658c6bbcd0,91935009,Allergy to peanuts
1955-08-09,NA,4345b0de-406f-40b6-aef1-795669b0b4f5,e71610a8-858f-4a6f-ba8e-390b35dc3c5a,91934008,Allergy to nut
2017-11-11,NA,94e495a3-ce8e-4e33-a3bc-f5c38d7a5836,56d2b2c6-a02d-47c0-b793-5b09c3c1043e,300916003,Latex allergy
2017-11-11,NA,94e495a3-ce8e-4e33-a3bc-f5c38d7a5836,56d2b2c6-a02d-47c0-b793-5b09c3c1043e,424213003,Allergy to bee venom
2017-11-11,NA,94e495a3-ce8e-4e33-a3bc-f5c38d7a5836,56d2b2c6-a02d-47c0-b793-5b09c3c1043e,419474003,Allergy to mould
2017-11-11,NA,94e495a3-ce8e-4e33-a3bc-f5c38d7a5836,56d2b2c6-a02d-47c0-b793-5b09c3c1043e,232350006,House dust mite allergy
2017-11-11,NA,94e495a3-ce8e-4e33-a3bc-f5c38d7a5836,56d2b2c6-a02d-47c0-b793-5b09c3c1043e,232347008,Dander (animal) allergy
2017-11-11,NA,94e495a3-ce8e-4e33-a3bc-f5c38d7a5836,56d2b2c6-a02d-47c0-b793-5b09c3c1043e,418689008,Allergy to grass pollen
2017-11-11,NA,94e495a3-ce8e-4e33-a3bc-f5c38d7a5836,56d2b2c6-a02d-47c0-b793-5b09c3c1043e,419263009,Allergy to tree pollen
2017-11-11,NA,94e495a3-ce8e-4e33-a3bc-f5c38d7a5836,56d2b2c6-a02d-47c0-b793-5b09c3c1043e,425525006,Allergy to dairy product
2017-11-11,NA,94e495a3-ce8e-4e33-a3bc-f5c38d7a5836,56d2b2c6-a02d-47c0-b793-5b09c3c1043e,300913006,Shellfish allergy
2017-11-11,NA,94e495a3-ce8e-4e33-a3bc-f5c38d7a5836,56d2b2c6-a02d-47c0-b793-5b09c3c1043e,91934008,Allergy to nut
2006-03-19,NA,4492c7a0-bdff-4a2e-a2e5-78f5748d5bad,4aabf9e1-5a0f-4b94-b9f6-0bf5b9413787,424213003,Allergy to bee venom
2006-03-19,NA,4492c7a0-bdff-4a2e-a2e5-78f5748d5bad,4aabf9e1-5a0f-4b94-b9f6-0bf5b9413787,419474003,Allergy to mould
2006-03-19,NA,4492c7a0-bdff-4a2e-a2e5-78f5748d5bad,4aabf9e1-5a0f-4b94-b9f6-0bf5b9413787,232350006,House dust mite allergy
2006-03-19,NA,4492c7a0-bdff-4a2e-a2e5-78f5748d5bad,4aabf9e1-5a0f-4b94-b9f6-0bf5b9413787,232347008,Dander (animal) allergy
2006-03-19,NA,4492c7a0-bdff-4a2e-a2e5-78f5748d5bad,4aabf9e1-5a0f-4b94-b9f6-0bf5b9413787,418689008,Allergy to grass pollen
2006-03-19,NA,4492c7a0-bdff-4a2e-a2e5-78f5748d5bad,4aabf9e1-5a0f-4b94-b9f6-0bf5b9413787,417532002,Allergy to fish
1966-06-17,NA,09e6a4fc-b537-428c-ab46-c9f8c8c23462,5acb0a85-ebf4-4525-aa4e-e7ddc84c118c,417532002,Allergy to fish
1964-08-21,NA,cd874d14-ee2c-4613-9f68-7b3e1e29208a,38c8d790-ec70-408d-80b1-edcc374ce0d2,300913006,Shellfish allergy
1984-12-30,NA,8355b151-c117-4e6f-ab14-921672332340,9f5c57e9-5cd8-4501-84ae-00620b7ab5ab,232347008,Dander (animal) allergy
1990-06-29,NA,543f71b7-a41e-4569-bb12-e88e6b09f617,c75ace6e-ec8d-44f4-923c-a9ee1d982359,424213003,Allergy to bee venom
1990-06-29,NA,543f71b7-a41e-4569-bb12-e88e6b09f617,c75ace6e-ec8d-44f4-923c-a9ee1d982359,300913006,Shellfish allergy
1990-06-29,NA,543f71b7-a41e-4569-bb12-e88e6b09f617,c75ace6e-ec8d-44f4-923c-a9ee1d982359,91934008,Allergy to nut
1968-02-01,NA,5ca1c904-879e-450f-8480-095a1c01530b,4882a362-d4dc-45d2-8db7-da48a8e34fe5,232350006,House dust mite allergy
1968-02-01,NA,5ca1c904-879e-450f-8480-095a1c01530b,4882a362-d4dc-45d2-8db7-da48a8e34fe5,232347008,Dander (animal) allergy
1968-02-01,NA,5ca1c904-879e-450f-8480-095a1c01530b,4882a362-d4dc-45d2-8db7-da48a8e34fe5,300913006,Shellfish allergy
1997-04-07,2013-10-27,bf627275-1074-4300-8578-2a100c688057,349d20e4-42fa-44de-8e66-f9a8ee6432ba,300916003,Latex allergy
1997-04-07,2013-03-05,bf627275-1074-4300-8578-2a100c688057,349d20e4-42fa-44de-8e66-f9a8ee6432ba,419474003,Allergy to mould
1997-04-07,2013-03-05,bf627275-1074-4300-8578-2a100c688057,349d20e4-42fa-44de-8e66-f9a8ee6432ba,232347008,Dander (animal) allergy
1997-04-07,NA,bf627275-1074-4300-8578-2a100c688057,349d20e4-42fa-44de-8e66-f9a8ee6432ba,419263009,Allergy to tree pollen
1997-04-07,NA,bf627275-1074-4300-8578-2a100c688057,349d20e4-42fa-44de-8e66-f9a8ee6432ba,91934008,Allergy to nut
1997-04-07,NA,bf627275-1074-4300-8578-2a100c688057,349d20e4-42fa-44de-8e66-f9a8ee6432ba,91935009,Allergy to peanuts
1989-05-07,NA,e7ec2077-917a-4ee5-8497-b1b85687956c,d8e900aa-a38f-4425-bcab-20f4ff9548fa,419474003,Allergy to mould
2003-02-24,NA,36d004f7-55e5-4980-834c-9e1f098566d5,3a716044-40ec-4110-86f5-c2959e1e9dc3,419474003,Allergy to mould
2003-02-24,NA,36d004f7-55e5-4980-834c-9e1f098566d5,3a716044-40ec-4110-86f5-c2959e1e9dc3,232350006,House dust mite allergy
2003-02-24,NA,36d004f7-55e5-4980-834c-9e1f098566d5,3a716044-40ec-4110-86f5-c2959e1e9dc3,232347008,Dander (animal) allergy
2003-02-24,NA,36d004f7-55e5-4980-834c-9e1f098566d5,3a716044-40ec-4110-86f5-c2959e1e9dc3,418689008,Allergy to grass pollen
2003-02-24,NA,36d004f7-55e5-4980-834c-9e1f098566d5,3a716044-40ec-4110-86f5-c2959e1e9dc3,420174000,Allergy to wheat
2003-02-24,NA,36d004f7-55e5-4980-834c-9e1f098566d5,3a716044-40ec-4110-86f5-c2959e1e9dc3,91934008,Allergy to nut
2004-10-07,NA,72b01b7d-4d10-4785-9f72-f3f9b55599bb,0a9b1c01-815b-4b26-8e98-153e184f52a8,300916003,Latex allergy
2004-10-07,NA,72b01b7d-4d10-4785-9f72-f3f9b55599bb,0a9b1c01-815b-4b26-8e98-153e184f52a8,419474003,Allergy to mould
2004-10-07,NA,72b01b7d-4d10-4785-9f72-f3f9b55599bb,0a9b1c01-815b-4b26-8e98-153e184f52a8,232350006,House dust mite allergy
2004-10-07,NA,72b01b7d-4d10-4785-9f72-f3f9b55599bb,0a9b1c01-815b-4b26-8e98-153e184f52a8,232347008,Dander (animal) allergy
2004-10-07,NA,72b01b7d-4d10-4785-9f72-f3f9b55599bb,0a9b1c01-815b-4b26-8e98-153e184f52a8,418689008,Allergy to grass pollen
2004-10-07,NA,72b01b7d-4d10-4785-9f72-f3f9b55599bb,0a9b1c01-815b-4b26-8e98-153e184f52a8,419263009,Allergy to tree pollen
2004-10-07,NA,72b01b7d-4d10-4785-9f72-f3f9b55599bb,0a9b1c01-815b-4b26-8e98-153e184f52a8,91930004,Allergy to eggs
1963-10-05,NA,c817b9c3-e03b-4274-9231-b2fbea3fd790,0438d7c0-6888-42ca-8275-85d3c4a15601,232350006,House dust mite allergy
1963-10-05,NA,c817b9c3-e03b-4274-9231-b2fbea3fd790,0438d7c0-6888-42ca-8275-85d3c4a15601,232347008,Dander (animal) allergy
2015-01-21,NA,147b5bfc-f3c5-418e-8c7e-d05683e9560e,9d2d61cb-2b34-4e08-9b3f-e9ac8fc700ac,419474003,Allergy to mould
2015-01-21,NA,147b5bfc-f3c5-418e-8c7e-d05683e9560e,9d2d61cb-2b34-4e08-9b3f-e9ac8fc700ac,232350006,House dust mite allergy
2015-01-21,NA,147b5bfc-f3c5-418e-8c7e-d05683e9560e,9d2d61cb-2b34-4e08-9b3f-e9ac8fc700ac,232347008,Dander (animal) allergy
2015-01-21,NA,147b5bfc-f3c5-418e-8c7e-d05683e9560e,9d2d61cb-2b34-4e08-9b3f-e9ac8fc700ac,418689008,Allergy to grass pollen
2015-01-21,NA,147b5bfc-f3c5-418e-8c7e-d05683e9560e,9d2d61cb-2b34-4e08-9b3f-e9ac8fc700ac,425525006,Allergy to dairy product
2015-01-21,NA,147b5bfc-f3c5-418e-8c7e-d05683e9560e,9d2d61cb-2b34-4e08-9b3f-e9ac8fc700ac,91930004,Allergy to eggs
1947-08-31,NA,a5a01f2b-516d-4e74-8f05-d752d48ad86b,26db2e20-8f55-4586-bdaf-5077934a1494,91934008,Allergy to nut
1961-10-12,NA,3345a0e7-6826-4c9e-907f-737536b55311,6455ce69-bb47-4ee4-a0a6-2ee3c942a230,419474003,Allergy to mould
1961-10-12,NA,3345a0e7-6826-4c9e-907f-737536b55311,6455ce69-bb47-4ee4-a0a6-2ee3c942a230,232347008,Dander (animal) allergy
1961-10-12,NA,3345a0e7-6826-4c9e-907f-737536b55311,6455ce69-bb47-4ee4-a0a6-2ee3c942a230,419263009,Allergy to tree pollen
1961-10-12,NA,3345a0e7-6826-4c9e-907f-737536b55311,6455ce69-bb47-4ee4-a0a6-2ee3c942a230,417532002,Allergy to fish
1961-10-12,NA,3345a0e7-6826-4c9e-907f-737536b55311,6455ce69-bb47-4ee4-a0a6-2ee3c942a230,91935009,Allergy to peanuts
2009-01-30,NA,f5c080ad-5604-403b-a44c-c984ffc1f561,2ab715db-3289-48fe-a15e-dd91341f99b9,417532002,Allergy to fish
1993-05-18,NA,5401cfab-2e71-4fe2-b260-39138191e640,f554e7c8-f83c-4e0a-be53-d4659a6f009e,419474003,Allergy to mould
1993-05-18,NA,5401cfab-2e71-4fe2-b260-39138191e640,f554e7c8-f83c-4e0a-be53-d4659a6f009e,232350006,House dust mite allergy
1993-05-18,NA,5401cfab-2e71-4fe2-b260-39138191e640,f554e7c8-f83c-4e0a-be53-d4659a6f009e,232347008,Dander (animal) allergy
1993-05-18,NA,5401cfab-2e71-4fe2-b260-39138191e640,f554e7c8-f83c-4e0a-be53-d4659a6f009e,418689008,Allergy to grass pollen
1978-02-09,NA,ddd316c6-0e3a-4956-bb8e-35da467bd913,13a7d655-f053-45ac-8fcb-7fffa8efb488,300913006,Shellfish allergy
1988-02-18,NA,cd5b7499-b0ca-4058-b300-c017629b3f8b,bbd5aada-753f-4162-a7f3-e42b654d2e42,300916003,Latex allergy
1988-02-18,NA,cd5b7499-b0ca-4058-b300-c017629b3f8b,bbd5aada-753f-4162-a7f3-e42b654d2e42,419474003,Allergy to mould
1988-02-18,NA,cd5b7499-b0ca-4058-b300-c017629b3f8b,bbd5aada-753f-4162-a7f3-e42b654d2e42,232350006,House dust mite allergy
1988-02-18,NA,cd5b7499-b0ca-4058-b300-c017629b3f8b,bbd5aada-753f-4162-a7f3-e42b654d2e42,232347008,Dander (animal) allergy
1988-02-18,NA,cd5b7499-b0ca-4058-b300-c017629b3f8b,bbd5aada-753f-4162-a7f3-e42b654d2e42,418689008,Allergy to grass pollen
1988-02-18,NA,cd5b7499-b0ca-4058-b300-c017629b3f8b,bbd5aada-753f-4162-a7f3-e42b654d2e42,419263009,Allergy to tree pollen
1990-04-05,NA,e1bda8a9-693b-4212-9fdf-69eac8a03c05,5e98ea65-d98a-44fc-bc07-b2e8a618dc0a,419474003,Allergy to mould
1990-04-05,NA,e1bda8a9-693b-4212-9fdf-69eac8a03c05,5e98ea65-d98a-44fc-bc07-b2e8a618dc0a,232350006,House dust mite allergy
1990-04-05,NA,e1bda8a9-693b-4212-9fdf-69eac8a03c05,5e98ea65-d98a-44fc-bc07-b2e8a618dc0a,232347008,Dander (animal) allergy
1990-04-05,NA,e1bda8a9-693b-4212-9fdf-69eac8a03c05,5e98ea65-d98a-44fc-bc07-b2e8a618dc0a,418689008,Allergy to grass pollen
1990-04-05,NA,e1bda8a9-693b-4212-9fdf-69eac8a03c05,5e98ea65-d98a-44fc-bc07-b2e8a618dc0a,419263009,Allergy to tree pollen
