Id,ORGANIZATION,NAME,GENDER,SPECIALITY,ADDRESS,CITY,STATE,ZIP,UTILIZATION
03347b4d-994e-302b-848b-58019a4e274d,ef58ea08-d883-3957-8300-150554edc8fb,Noe500 Dibbert990,M,GENERAL PRACTICE,60 HOSPITAL ROAD,LEOMINSTER,MA,01453,1777
08bcda9c-f8c8-3244-82d4-fc306a7a55d3,69176529-fd1f-3b3f-abce-a0a3626769eb,Mariam937 Gleason633,F,GENERAL PRACTICE,330 MOUNT AUBURN STREET,CAMBRIDGE,MA,02138,10004
0c127383-39c2-30f2-bd62-448ea6fe1385,5e765f2b-e908-3888-9fc7-df2cb87beb58,Dagny669 Schoen8,F,GENERAL PRACTICE,211 PARK STREET,ATTLEBORO,MA,02703,5853
0d1563c1-d56c-362e-9e3d-d74463ebbe0f,f1fbcbfb-fcfa-3bd2-b7f4-df20f1b3c3a4,Tyron580 Torphy630,M,GENERAL PRACTICE,ONE GENERAL STREET,LAWRENCE,MA,01842,2997
0f7f97f6-693c-3de9-8190-85feaf4632e2,e002090d-4e92-300e-b41e-7d1f21dee4c6,Loren192 Fay398,M,GENERAL PRACTICE,1493 CAMBRIDGE STREET,CAMBRIDGE,MA,02138,9439
108ccece-277a-396f-8bf2-1527f74458eb,ef6ab57c-ed94-3dbe-9861-812d515918b3,Stanford577 Leannon79,M,GENERAL PRACTICE,88 LEWIS BAY ROAD,HYANNIS,MA,02601,5675
12c9daf5-a29c-36c9-ac55-28972463e566,49318f80-bd8b-3fc7-a096-ac43088b0c12,Antonia30 Stark857,M,GENERAL PRACTICE,30 LOCUST STREET,NORTHAMPTON,MA,01060,3977
161a799c-4894-36f6-8ca7-2a71c8107f79,fbf6180e-b800-3ebe-b91d-93d0288c400e,Pandora807 Weissnat378,F,GENERAL PRACTICE,164 HIGH STREET,GREENFIELD,MA,01301,4409
1aedcb45-c507-3ad0-9010-6583d264ae72,8b58cdd1-3d79-3126-8fe0-da2c54d6805c,Felicitas300 Kub800,F,GENERAL PRACTICE,2100 DORCHESTER AVENUE,BOSTON,MA,02124,2096
1eaf97fa-9de6-38de-a9c4-6efe5dc574be,4bdaa4c2-c664-3089-aee2-7137abbad27f,Rashad361 Maggio310,M,GENERAL PRACTICE,100 SOUTH STREET,SOUTHBRIDGE,MA,01550,2531
226098a2-6a40-3588-b5bb-db56c3a30a04,ecc51621-0af3-3b35-ac3e-8b1e34022e92,Isaac321 Upton904,M,GENERAL PRACTICE,795 MIDDLE STREET,FALL RIVER,MA,02721,7757
23834663-ed53-3da9-b330-d6e1ecb8428e,5d4b9df1-93ae-3bc9-b680-03249990e558,Keeley419 Yundt842,F,GENERAL PRACTICE,575 BEECH STREET,HOLYOKE,MA,01040,4361
24cb4eab-6166-3530-bddc-a5a8a14a4fc1,37b4d73f-652d-3033-a16e-d97b9e8b4cda,Annette105 Legros616,F,GENERAL PRACTICE,25 HIGHLAND AVENUE,NEWBURYPORT,MA,01950,7781
27379046-608b-32f0-9df7-8c833cf5d11d,5844ad77-f653-3c2b-b7dd-e97576ab3b03,Avery919 Muller251,M,GENERAL PRACTICE,40 WRIGHT STREET,PALMER,MA,01069,2102
27f06acd-f732-3871-be87-889fef7d9010,08bcda9c-f8c8-3244-82d4-fc306a7a55d3,Del587 Williamson769,M,GENERAL PRACTICE,1 BOSTON MEDICAL CENTER PLACE,BOSTON,MA,02118,1737
308b5efa-a9c2-3728-b1ff-d29c5f060731,37c0de84-bcaf-3624-82bf-a89b2ac441b8,Erlinda993 Franecki195,F,GENERAL PRACTICE,85 HERRICK STREET,BEVERLY,MA,01915,4815
3265f387-6c51-32ee-8f6d-b2a89caa34d5,4861d01f-019c-3dac-a153-8334e50919f9,Sharyl439 Hilpert278,F,GENERAL PRACTICE,81 HIGHLAND AVENUE,SALEM,MA,01970,9503
331f4c11-d298-308b-aaa1-d7825b29b57f,a0b6ec0c-e587-3b2a-bf9f-248849f29ee5,Maryjo280 Osinski784,F,GENERAL PRACTICE,736 CAMBRIDGE STREET,BRIGHTON,MA,02135,3742
37b4d73f-652d-3033-a16e-d97b9e8b4cda,4f3a530e-a2f7-3de0-9a09-c0a70a9ab894,Lloyd546 Effertz744,M,GENERAL PRACTICE,725 NORTH STREET,PITTSFIELD,MA,01201,4318
37c0de84-bcaf-3624-82bf-a89b2ac441b8,f71ce1a9-cca7-3295-9a1e-c88ac3479b6f,Giovanni385 Greenfelder433,M,GENERAL PRACTICE,157 UNION STREET,MARLBOROUGH,MA,01752,6893
37eb7694-de8f-3407-b95f-1a6a31fb0f6a,c44f361c-2efb-3050-8f97-0354a12e2920,Barry322 Nicolas769,M,GENERAL PRACTICE,680 CENTER STREET,BROCKTON,MA,02302,6678
3bd5eda0-16da-3ba5-8500-4dfd6ae118b8,331f4c11-d298-308b-aaa1-d7825b29b57f,Janean397 Walsh511,F,GENERAL PRACTICE,201 HIGHLAND STREET,CLINTON,MA,01510,1950
3d10019f-c88e-3de5-9916-6107b9c0263d,b1ddf812-1fdd-3adf-b1d5-32cc8bd07ebb,Maricarmen445 Partida347,F,GENERAL PRACTICE,275 SANDWICH STREET,PLYMOUTH,MA,02360,11283
44bef9d3-91c2-3005-93e0-ccf436348ff0,6be05ccf-ef94-341f-a2a3-1cf9bfde1b18,Racquel201 Hegmann834,F,GENERAL PRACTICE,107 LINCOLN STREET,WORCESTER,MA,01605,4095
465de31f-3098-365c-af70-48a071e1f5aa,b0e04623-b02c-3f8b-92ea-943fc4db60da,Ignacio928 Towne435,M,GENERAL PRACTICE,295 VARNUM AVENUE,LOWELL,MA,01854,6365
4861d01f-019c-3dac-a153-8334e50919f9,ebc3f5c4-6700-34af-8323-85621c313726,Cecil300 Wisozk929,F,GENERAL PRACTICE,115 WEST SILVER STREET,WESTFIELD,MA,01085,2229
49318f80-bd8b-3fc7-a096-ac43088b0c12,fd328395-ab1d-35c6-a2d0-d05a9a79cf11,Peggie783 Bradtke547,F,GENERAL PRACTICE,271 CAREW STREET,SPRINGFIELD,MA,01104,3309
4bdaa4c2-c664-3089-aee2-7137abbad27f,d692e283-0833-3201-8e55-4f868a9c0736,Lane844 Jacobi462,M,GENERAL PRACTICE,585 LEBANON STREET,MELROSE,MA,02176,10840
4e916854-3a59-3f17-bb16-7c406148d822,d78e84ec-30aa-3bba-a33a-f29a3a454662,Carol737 Weimann465,F,GENERAL PRACTICE,55 FRUIT STREET,BOSTON,MA,02114,1475
4f3a530e-a2f7-3de0-9a09-c0a70a9ab894,8ad64ecf-c817-3753-bee7-006a8e662e06,Jonah176 Schroeder447,M,GENERAL PRACTICE,88 WASHINGTON STREET,TAUNTON,MA,02780,4414
5103c940-0c08-392f-95cd-446e0cea042a,23834663-ed53-3da9-b330-d6e1ecb8428e,Miquel905 Hettinger594,M,GENERAL PRACTICE,363 HIGHLAND AVENUE,FALL RIVER,MA,02720,4732
56e0b3b3-4fac-3776-8fc9-7b465eb2fc17,44bef9d3-91c2-3005-93e0-ccf436348ff0,Sara501 Angulo494,F,GENERAL PRACTICE,243 CHARLES STREET,BOSTON,MA,02114,4717
5844ad77-f653-3c2b-b7dd-e97576ab3b03,60457c13-adb2-3415-82c5-86ab5dab5f93,Shonta375 Sanford861,F,GENERAL PRACTICE,759 CHESTNUT STREET,SPRINGFIELD,MA,01199,6789
5d4b9df1-93ae-3bc9-b680-03249990e558,a9f20dc1-5147-3789-bcef-bbecb41c5983,Harrison106 Blick895,M,GENERAL PRACTICE,70 EAST STREET,METHUEN,MA,01844,2893
5e765f2b-e908-3888-9fc7-df2cb87beb58,7fb56531-86bd-3e4a-8619-4df9942da309,Dolly486 Morissette863,F,GENERAL PRACTICE,148 CHESTNUT STREET,NEEDHAM,MA,02494,1478
60457c13-adb2-3415-82c5-86ab5dab5f93,03347b4d-994e-302b-848b-58019a4e274d,Samuel331 Predovic534,M,GENERAL PRACTICE,133 OLD ROAD TO 9 ACRE CORNER,W CONCORD,MA,01742,8053
62fa9127-485f-3032-87cc-6576d91fec94,cb6a50e0-af76-3758-99ad-3200ede03fff,Macie339 Bauch723,F,GENERAL PRACTICE,330 BROOKLINE AVENUE,BOSTON,MA,02215,3158
69176529-fd1f-3b3f-abce-a0a3626769eb,9a7149fa-49fc-3c87-b935-d29c55808717,Jeri234 Hansen121,F,GENERAL PRACTICE,125 PARKER HILL AVENUE,BOSTON,MA,02120,3196
6be05ccf-ef94-341f-a2a3-1cf9bfde1b18,24cb4eab-6166-3530-bddc-a5a8a14a4fc1,Wynell591 Olson653,F,GENERAL PRACTICE,14 PROSPECT STREET,MILFORD,MA,01757,6352
6e62e63b-c39a-3211-99d8-8b8f0f06774e,e44f438a-601b-30fb-85eb-bfaf8ddcb5ad,Shauna908 Lindgren255,F,GENERAL PRACTICE,242 GREEN STREET,GARDNER,MA,01440,3492
6f122869-a856-3d65-8db9-099bf4f5bbb8,ac8356a5-78f8-3a63-8a1e-59e832fd54e7,Rex53 Bode78,M,GENERAL PRACTICE,200 GROTON ROAD,AYER,MA,01432,3141
700056a6-3aea-3efd-8423-a9acbd38a5ea,db0acede-4abe-3c01-8d03-5c68a190d8c7,Deidre679 Hoeger474,F,GENERAL PRACTICE,55 FOGG ROAD,SOUTH WEYMOUTH,MA,02190,1709
7116c200-6663-3503-8314-1ee16845e5d3,3d10019f-c88e-3de5-9916-6107b9c0263d,Rebecca981 Labadie908,F,GENERAL PRACTICE,2014 WASHINGTON STREET,NEWTON,MA,02462,8376
7fb56531-86bd-3e4a-8619-4df9942da309,f4e7709c-02f6-37ca-aeea-8247d74e88e7,Andre610 Schneider199,M,GENERAL PRACTICE,41 HIGHLAND AVENUE,WINCHESTER,MA,01890,8169
7ffe74ac-786d-3c6d-bcb9-323352f6149c,12c9daf5-a29c-36c9-ac55-28972463e566,Charisse42 Heathcote539,F,GENERAL PRACTICE,199 REEDSDALE ROAD,MILTON,MA,02186,2428
80e919cc-df1a-3838-b75e-541564a286e5,27379046-608b-32f0-9df7-8c833cf5d11d,Willis868 Emard19,M,GENERAL PRACTICE,75 FRANCIS STREET,BOSTON,MA,02115,1662
829a88e4-565e-3a38-a0a6-94ade6404a38,226098a2-6a40-3588-b5bb-db56c3a30a04,Cedrick207 Runte676,M,GENERAL PRACTICE,235 NORTH PEARL STREET,BROCKTON,MA,02301,6408
8881e3ee-e915-31b3-867f-8e2fbe41e887,b7175ab4-bde5-3848-891b-579bccb77c7c,Georgann131 Beer512,F,GENERAL PRACTICE,800 WASHINGTON STREET,BOSTON,MA,02111,1528
8ad64ecf-c817-3753-bee7-006a8e662e06,d733d4a9-080d-3593-b910-2366e652b7ea,Blake449 Deckow585,M,GENERAL PRACTICE,1153 CENTRE STREET,BOSTON,MA,02130,2838
8b58cdd1-3d79-3126-8fe0-da2c54d6805c,3bd5eda0-16da-3ba5-8500-4dfd6ae118b8,Monica757 Kshlerin58,F,GENERAL PRACTICE,800 WASHINGTON STREET,NORWOOD,MA,02062,12466
8e00f524-3a5f-313e-9542-378dfc61193f,d5117822-5756-389d-9547-891a372d580f,Johnson679 Schmitt836,M,GENERAL PRACTICE,67 & 100 TER HEUN DRIVE,FALMOUTH,MA,02540,6784
90cf148c-69ed-3d33-aa86-b509c6b0b25f,f99c74cc-7d1a-3f95-9a33-4a9357bf2f2a,Elroy493 Brakus656,M,GENERAL PRACTICE,55 LAKE AVENUE NORTH,WORCESTER,MA,01655,3176
92819cdc-db9e-387e-8c4f-4b2b4e8b2e4f,6f122869-a856-3d65-8db9-099bf4f5bbb8,June482 Kassulke119,F,GENERAL PRACTICE,41 & 45 MALL ROAD,BURLINGTON,MA,01803,6739
956ccb85-bea0-30f9-af48-52f5dd95ff72,465de31f-3098-365c-af70-48a071e1f5aa,Elizbeth263 Ratke343,F,GENERAL PRACTICE,115 LINCOLN STREET,FRAMINGHAM,MA,01701,7675
98d42012-384f-39d9-b210-cc654b9441f6,1eaf97fa-9de6-38de-a9c4-6efe5dc574be,Quentin28 Beahan375,M,GENERAL PRACTICE,123 SUMMER STREET,WORCESTER,MA,01608,5368
9a7149fa-49fc-3c87-b935-d29c55808717,80e919cc-df1a-3838-b75e-541564a286e5,Javier97 Garrido242,M,GENERAL PRACTICE,57 PROSPECT STREET,NANTUCKET,MA,02554,2794
9b5f23f1-c387-3a77-9359-752d26d7f997,8e00f524-3a5f-313e-9542-378dfc61193f,Ned189 Pagac496,M,GENERAL PRACTICE,ONE HOSPITAL ROAD  FIRST FL  WING 5   PO BOX 1477,OAK BLUFFS,MA,02557,20
a0b6ec0c-e587-3b2a-bf9f-248849f29ee5,56e0b3b3-4fac-3776-8fc9-7b465eb2fc17,Albina13 Rosenbaum794,F,GENERAL PRACTICE,29 LEWIS AVENUE,GREAT BARRINGTON,MA,01230,715
a43fb751-96fe-3496-8750-73f85651866d,161a799c-4894-36f6-8ca7-2a71c8107f79,Lilliana632 Brakus656,F,GENERAL PRACTICE,2033 MAIN STREET,ATHOL,MA,01331,3577
a7500efb-720b-3e44-990a-0c3edc5a3990,956ccb85-bea0-30f9-af48-52f5dd95ff72,Waldo53 Deckow585,M,GENERAL PRACTICE,30 WARREN STREET,BRIGHTON,MA,02135,1824
a76bda1d-f42d-3046-b8c6-021f3db0a086,d7b11827-25f2-350b-bcd8-939fc59851b0,Levi940 Reichert620,M,GENERAL PRACTICE,300 LONGWOOD AVENUE,BOSTON,MA,02115,1477
a9afd4c9-8443-3b5a-a486-07c3bb109b3f,5103c940-0c08-392f-95cd-446e0cea042a,Terrance440 Schultz619,M,GENERAL PRACTICE,516 CAREW STREET,SPRINGFIELD,MA,01104,6516
a9f20dc1-5147-3789-bcef-bbecb41c5983,ff9863d3-3fa3-3861-900e-f00148f5d9c2,Aubrey96 Corkery305,M,GENERAL PRACTICE,51 BLOSSOM STREET,BOSTON,MA,02114,1664
ac8356a5-78f8-3a63-8a1e-59e832fd54e7,a7500efb-720b-3e44-990a-0c3edc5a3990,Bula88 Jakubowski832,F,GENERAL PRACTICE,1400 VFW Parkway,West Roxbury,MA,02132,8
ad933cee-594c-3f13-b6ef-20f89ecd91ff,c1c0c43e-ca87-3ee5-9549-be3f28afde81,Amira620 Cruickshank494,F,GENERAL PRACTICE,143 Munson Street,Greenfield,MA,01301,40
b06770b5-b695-3c1a-9685-ae2223966ff7,e0c85f99-d520-3f26-8dcd-cfbf172afc5a,Luther918 Grant908,M,GENERAL PRACTICE,108 Merrimack St.,Haverhill,MA,01830,1
b0e04623-b02c-3f8b-92ea-943fc4db60da,8881e3ee-e915-31b3-867f-8e2fbe41e887,Serina556 Adams676,F,GENERAL PRACTICE,225 Boston Road  Suite 107,Lynn,MA,01904,1
b1ddf812-1fdd-3adf-b1d5-32cc8bd07ebb,37eb7694-de8f-3407-b95f-1a6a31fb0f6a,Carylon722 McLaughlin530,F,GENERAL PRACTICE,25 Bond Street,Springfield,MA,01104,1
b60f8daf-0362-3c28-9b54-216e7f3e80bd,5f178592-5066-33f6-8594-e6f58caca21c,Jeremy766 Feil794,F,GENERAL PRACTICE,5 INDUSTRIAL DRIVE,MASHPEE,MA,2649,4
b7175ab4-bde5-3848-891b-579bccb77c7c,daff0685-8673-3a4a-b096-6e0c6284551d,Catalina187 Armijo730,F,GENERAL PRACTICE,289 PLEASANT STREET,FALL RIVER,MA,2721,21
b81688f5-bd0e-3c99-963f-860d3e90ab5d,829a88e4-565e-3a38-a0a6-94ade6404a38,Malisa137 Nikolaus26,F,GENERAL PRACTICE,140 NAUSET STREET,NEW BEDFORD,MA,2746,12
bbf934c6-faad-3483-a1d2-d2ecb693a0e2,92819cdc-db9e-387e-8c4f-4b2b4e8b2e4f,Leanne251 Moen819,F,GENERAL PRACTICE,1230 BRIDGE STREET,LOWELL,MA,1850,46
c1c0c43e-ca87-3ee5-9549-be3f28afde81,0d1563c1-d56c-362e-9e3d-d74463ebbe0f,Hannah56 Pfannerstill264,F,GENERAL PRACTICE,629 PLEASANT STREET,BROCKTON,MA,2301,477
c44f361c-2efb-3050-8f97-0354a12e2920,0c127383-39c2-30f2-bd62-448ea6fe1385,Tony646 Fahey393,M,GENERAL PRACTICE,210 WASHINGTON STREET,FAIRHAVEN,MA,2719,116
c63d0602-724d-3d74-958a-a31b1364eaef,ad933cee-594c-3f13-b6ef-20f89ecd91ff,Darrick836 Halvorson124,M,GENERAL PRACTICE,1589 FALL RIVER AVENUE,SEEKONK,MA,2771,1
cb6a50e0-af76-3758-99ad-3200ede03fff,4e916854-3a59-3f17-bb16-7c406148d822,Gene733 O'Conner199,M,GENERAL PRACTICE,1399 WASHINGTON STREET,HANOVER,MA,2339,651
cbbee84d-7644-3b24-9f41-e3747f5050df,a76bda1d-f42d-3046-b8c6-021f3db0a086,Brenna468 Wehner319,F,GENERAL PRACTICE,808 MAIN STREET,WALTHAM,MA,2451,335
d5117822-5756-389d-9547-891a372d580f,7116c200-6663-3503-8314-1ee16845e5d3,Matilde468 Grady603,F,GENERAL PRACTICE,85 PARKHURST ROAD,CHELMSFORD,MA,1824,27
d672f853-e2a5-324e-98fa-c6d5f8dfc255,3265f387-6c51-32ee-8f6d-b2a89caa34d5,Karlyn611 Hessel84,F,GENERAL PRACTICE,151 EVERETT AVENUE,CHELSEA,MA,2150,59
d692e283-0833-3201-8e55-4f868a9c0736,c63d0602-724d-3d74-958a-a31b1364eaef,America446 Turner526,F,GENERAL PRACTICE,111 GROSSMAN DRIVE,BRAINTREE,MA,2184,19
d733d4a9-080d-3593-b910-2366e652b7ea,f15cf8e0-db9a-39b1-b78f-8a6a01cf574b,Karl184 Doyle959,M,GENERAL PRACTICE,98 SHAKER ROAD,EAST LONGMEADOW,MA,1028,9
d78e84ec-30aa-3bba-a33a-f29a3a454662,ff9474cb-cf9c-350a-a22b-b949ee9793cf,Brendon298 Hartmann983,M,GENERAL PRACTICE,1515 ALLEN STREET,SPRINGFIELD,MA,1118,31
d7b11827-25f2-350b-bcd8-939fc59851b0,cbbee84d-7644-3b24-9f41-e3747f5050df,Elizabeth24 Mraz590,F,GENERAL PRACTICE,26 QUEEN STREET,WORCESTER,MA,1610,973
daff0685-8673-3a4a-b096-6e0c6284551d,f1313c7d-3148-335b-adc3-337f15567b82,Judson999 Wilkinson796,M,GENERAL PRACTICE,500 SALEM STREET,WILMINGTON,MA,1887,27
db0acede-4abe-3c01-8d03-5c68a190d8c7,df5a38ee-e493-3572-8f92-bb695aef9891,Rudy520 Bayer639,M,GENERAL PRACTICE,489 BEARSES WAY,HYANNIS,MA,2601,13
df5a38ee-e493-3572-8f92-bb695aef9891,e3f1676b-9b40-3544-af4e-17a06bbb98bb,Danica886 McGlynn426,F,GENERAL PRACTICE,637 WASHINGTON STREET,DORCHESTER,MA,2124,29
e002090d-4e92-300e-b41e-7d1f21dee4c6,a43fb751-96fe-3496-8750-73f85651866d,Albertine688 Orn563,F,GENERAL PRACTICE,66B CONCORD STREET,WILMINGTON,MA,1887,46
e3f1676b-9b40-3544-af4e-17a06bbb98bb,b81688f5-bd0e-3c99-963f-860d3e90ab5d,Lillian593 Anderson154,F,GENERAL PRACTICE,581 BOYLSTON STREET,BOSTON,MA,2116,35
e44f438a-601b-30fb-85eb-bfaf8ddcb5ad,eeca3319-9cbf-382e-a7ee-43986c981135,Odis959 Bosco882,M,GENERAL PRACTICE,58 TREMONT STREET,TAUNTON,MA,2780,24
ebc3f5c4-6700-34af-8323-85621c313726,6e62e63b-c39a-3211-99d8-8b8f0f06774e,Marilu588 Urías338,F,GENERAL PRACTICE,19 TACOMA STREET,WORCESTER,MA,1605,123
ecc51621-0af3-3b35-ac3e-8b1e34022e92,62fa9127-485f-3032-87cc-6576d91fec94,Paula289 Reichert620,F,GENERAL PRACTICE,1 ESSEX CENTER DRIVE,PEABODY,MA,1960,865
eeca3319-9cbf-382e-a7ee-43986c981135,b60f8daf-0362-3c28-9b54-216e7f3e80bd,Carlota980 Heaney114,F,GENERAL PRACTICE,1 TROWBRIDGE ROAD,BUZZARDS BAY,MA,2532,108
ef58ea08-d883-3957-8300-150554edc8fb,d672f853-e2a5-324e-98fa-c6d5f8dfc255,Merle11 Powlowski563,M,GENERAL PRACTICE,9 HOPE AVENUE,WALTHAM,MA,2453,353
ef6ab57c-ed94-3dbe-9861-812d515918b3,98d42012-384f-39d9-b210-cc654b9441f6,Brain142 Haley279,M,GENERAL PRACTICE,525 LONG POND DRIVE,HARWICH,MA,2645,21
f1313c7d-3148-335b-adc3-337f15567b82,27f06acd-f732-3871-be87-889fef7d9010,Tiesha180 Huels583,F,GENERAL PRACTICE,489 BERNARDSTON ROAD,GREENFIELD,MA,1301,295
f15cf8e0-db9a-39b1-b78f-8a6a01cf574b,7ffe74ac-786d-3c6d-bcb9-323352f6149c,Katherine209 Ritchie586,F,GENERAL PRACTICE,140 CARANDO DRIVE,SPRINGFIELD,MA,1104,114
f1fbcbfb-fcfa-3bd2-b7f4-df20f1b3c3a4,b06770b5-b695-3c1a-9685-ae2223966ff7,Royal919 Balistreri607,M,GENERAL PRACTICE,66 SOUTH WASHINGTON STREET,NORTH ATTLEBORO,MA,2760,103
f4e7709c-02f6-37ca-aeea-8247d74e88e7,a9afd4c9-8443-3b5a-a486-07c3bb109b3f,Zack583 Herzog843,M,GENERAL PRACTICE,444 MONTGOMERY STREET,CHICOPEE,MA,1020,83
f71ce1a9-cca7-3295-9a1e-c88ac3479b6f,9b5f23f1-c387-3a77-9359-752d26d7f997,Maudie129 Kirlin939,F,GENERAL PRACTICE,250 PARADISE ROAD,SWAMPSCOTT,MA,1907,67
f7a6cc79-3075-3124-9f62-6fe562440b1d,108ccece-277a-396f-8bf2-1527f74458eb,Sergio619 Rodrígez614,M,GENERAL PRACTICE,51 LOCUST STREET,NORTHAMPTON,MA,1060,34
f99c74cc-7d1a-3f95-9a33-4a9357bf2f2a,f7a6cc79-3075-3124-9f62-6fe562440b1d,Norman647 Bins636,M,GENERAL PRACTICE,237 STATE ROAD,NORTH DARTMOUTH,MA,2747,23
fbf6180e-b800-3ebe-b91d-93d0288c400e,0f7f97f6-693c-3de9-8190-85feaf4632e2,Gregg522 Johns824,M,GENERAL PRACTICE,1 HARBORSIDE DRIVE,EAST BOSTON,MA,2128,228
fd328395-ab1d-35c6-a2d0-d05a9a79cf11,700056a6-3aea-3efd-8423-a9acbd38a5ea,Corey514 Kunze215,M,GENERAL PRACTICE,106 UNITED STATES HIGHWAY 44,RAYNHAM,MA,2767,49
ff9474cb-cf9c-350a-a22b-b949ee9793cf,308b5efa-a9c2-3728-b1ff-d29c5f060731,Rubin812 Bashirian201,M,GENERAL PRACTICE,630 PLANTATION STREET,WORCESTER,MA,1605,135
ff9863d3-3fa3-3861-900e-f00148f5d9c2,bbf934c6-faad-3483-a1d2-d2ecb693a0e2,Serena400 Collier206,F,GENERAL PRACTICE,309 TEATICKET HIGHWAY,TEATICKET,MA,2536,7
b3270994-5862-49b2-a19c-60ef268e9f93,90cf148c-69ed-3d33-aa86-b509c6b0b25f,Isadora719 Konopelski743,F,GENERAL PRACTICE,170 GOVERNORS AVENUE,MEDFORD,MA,2155,393
ad3ef2f7-78bb-43a0-9afc-05b4265cddfd,1aedcb45-c507-3ad0-9010-6583d264ae72,Daniella68 Roob72,F,GENERAL PRACTICE,67 GRAND ARMY OF THE REPUBLIC HIGHWAY,SOMERSET,MA,2726,35
